time,dk,k,dxi,xi,out
3223.71,0.5,0.0029999999999290594,-3.5099999998339988e-06,-2.105999999850599e-08,2.1123179998500015e-08
3223.83,0.5,0.06299999999987449,-0.001547909997486218,-0.00018577025969817576,0.00020210698605148712
3223.934,0.5,0.1150000000000091,-0.00515767629565028,-0.0007221685944471934,0.0010372664595848598
3224.031,0.5,0.1634999999998854,-0.010420053639459189,-0.0017329137974721569,0.0028534670746729607
3224.144,0.5,0.2199999999997999,-0.018837844157471074,-0.0038615901872631666,0.006924670649468574
3224.241,0.5,0.2684999999999036,-0.02791716333896149,-0.006569555031148221,0.012544461397945243
3224.346,0.5,0.3209999999999127,-0.03943460532553678,-0.010710188590330301,0.021451573142154106
3224.444,0.5,0.36999999999989086,-0.05124150645357604,-0.015731856222778517,0.03264607230163313
3224.548,0.5,0.4219999999997981,-0.06417924383665649,-0.022406497581778883,0.04774243166945169
3224.65,0.5,0.47299999999995634,-0.07607283838294793,-0.030165927096863648,0.06533389962037807
3224.75,0.5,0.5229999999999109,-0.08523275347926046,-0.03868920244478194,0.08415578417065409
3224.851,0.5,0.5734999999999673,-0.09079911558065427,-0.04785991311843826,0.10345090951814416
3224.954,0.5,0.625,-0.09090991193307243,-0.05722363404755068,0.12119528326166479
3225.056,0.5,0.6759999999999309,-0.08541646040997307,-0.06593611300935613,0.13528239613613413
3225.162,0.5,0.7289999999998145,-0.07630264177321551,-0.07402419303729922,0.14660035909548697
3225.265,0.5,0.7804999999998472,-0.06362142433511085,-0.08057719974381981,0.15283562596549327
3225.374,0.5,0.834999999999809,-0.04915308879679467,-0.08593488642266668,0.15576590251955777
3225.472,0.5,0.8840000000000146,-0.032480482634326624,-0.08911797372084405,0.15205202227839468
3225.566,0,0.8840000000000146,-0.013514411323689987,-0.09038832838526546,0.09185002190271813
3225.673,0,0.8840000000000146,0.0021029846371483124,-0.09016330902909066,0.07784532676247832
3225.773,0,0.8840000000000146,0.01467134167709393,-0.08869617486137592,0.06543795253490635
3225.873,0,0.8840000000000146,0.02448644913113299,-0.08624752994826486,0.05459679544234547
3225.972,0.5,0.9335000000000946,0.03551038590455579,-0.08273200174370816,0.08544737925770729
3226.078,0.5,0.9864999999999782,0.04611842260807046,-0.07784344894726343,0.07021846295724489
3226.183,0.5,1.0389999999999873,0.055718672842153545,-0.07199298829883628,0.052905507908911305
3226.283,0.5,1.0889999999999418,0.06381208594229947,-0.06561177970461214,0.034765756359464474
3226.389,0.5,1.1420000000000528,0.070887183455642,-0.05809773825829835,0.014443322713782049
3226.486,0.5,1.190499999999929,0.07597594921920323,-0.05072807118405444,-0.004693563208815622
3226.596,0.5,1.2454999999999927,0.08062451548198334,-0.041859374481026,-0.027352295876179072
3226.687,0.5,1.29099999999994,0.08296125650660241,-0.03430990013893394,-0.045653951001190116
3226.776,0.5,1.3354999999999109,0.0846678392663472,-0.026774462444233968,-0.06392937352381009
3226.889,0.5,1.3920000000000528,0.08795010633296736,-0.016836100428583703,-0.09057264600461397
3226.999,0.5,1.446999999999889,0.0917721834655377,-0.006741160247404603,-0.11966931047292685
3227.097,0.5,1.4960000000000946,0.09675175612418753,0.0027405118528055477,-0.15021068881999383
3227.198,0.5,1.5464999999999236,0.10519993965384676,0.013365705757808096,-0.19004462350801923
3227.306,0.5,1.600500000000011,0.11889335800526056,0.026206188422396998,-0.245334918268666
3227.405,0.5,1.650000000000091,0.13844608602541317,0.03991235093893507,-0.31424759646065836
3227.509,0.5,1.7019999999999982,0.16718636529228623,0.05729973292930181,-0.4107252056377933
3227.61,0.5,1.7525000000000546,0.20664857980810553,0.07817123948994377,-0.5382323530648188
3227.709,0.5,1.8019999999999072,0.25958564176378773,0.10387021802448225,-0.7068825683506699
3227.818,0.5,1.8565000000000964,0.3309224936701824,0.13994076983465734,-0.944128033614109
3227.91,0.5,1.9024999999999181,0.41880823895212865,0.17847112781810384,-1.2255595591893704
3228.016,0.5,1.955500000000029,0.5339512970092026,0.2350699653011978,-1.6213560610986095
3228.114,0.5,2.0045000000000073,0.6382529121645409,0.29761875069329496,-2.0247641235451868
3228.214,0.5,2.054499999999962,0.6460352541183534,0.3622222761050716,-2.252576233896524
3228.322,0.5,2.108500000000049,0.57258714342407,0.42406168759497115,-2.313464904001183
3228.415,0.5,2.1549999999999727,0.4074765554419651,0.4619570072510117,-2.104607831228847
3228.525,0.5,2.2100000000000364,0.23109636447115656,0.48737760734286834,-1.8315162813804553
3228.626,0,2.2100000000000364,0.06367146100610957,0.49380842490449256,-1.232030547862451
3228.732,0,2.2100000000000364,-0.07459043621085552,0.48590183866615927,-0.9089981994262362
3228.835,0,2.2100000000000364,-0.17826010671866255,0.46754104767412535,-0.6393108795115834
3228.942,0.5,2.263500000000022,-0.2513975095525133,0.44064151415201375,-0.6486745614869802
3229.031,0.5,2.3079999999999927,-0.30446974154571366,0.4135437071544629,-0.4585145662022241
3229.135,0.5,2.3600000000001273,-0.40187354393213115,0.3717488585854131,-0.11478017187444811
3229.295,0.5,2.4400000000000546,-0.4663100786981316,0.2971392459937799,0.2642072088017374
3229.385,0.5,2.4850000000001273,-0.495928358732597,0.25250569370777404,0.4786524757328289
3229.49,0.5,2.537499999999909,-0.5173538506724858,0.19818353938738886,0.7108028951922102
3229.594,0.5,2.5895000000000437,-0.520462748768356,0.14405541351533974,0.9026790878800321
3229.701,0.5,2.643000000000029,-0.5084288101306292,0.0896535308313772,1.0619962977722468
3229.803,0.5,2.69399999999996,-0.480494753337379,0.04064306599103096,1.1646389127155286
3229.893,0.5,2.7390000000000327,-0.4382912574207255,0.0011968528231018835,1.1966031477813546
3230.002,0.5,2.7934999999999945,-0.3896420628541296,-0.04127413202796848,1.224401456417123
3230.106,0.5,2.845500000000129,-0.32973773956390506,-0.07556685694270338,1.1910776578309585
3230.206,0.5,2.8955000000000837,-0.2780382198283508,-0.10337067892551316,1.1560548058046016
3230.304,0,2.8955000000000837,-0.2212152069727205,-0.1250497692088301,1.0026102385337088
3230.413,0,2.8955000000000837,-0.1642378449387215,-0.14295169430713822,0.8894673108864126
3230.513,0,2.8955000000000837,-0.10510294908757079,-0.15346198921588572,0.74867477885768
3230.616,0,2.8955000000000837,-0.0376055762014819,-0.15733536356464084,0.5644514910928247
3230.72,0,2.8955000000000837,0.05252827549518278,-0.15187242291315156,0.2876509788487369
3230.822,0,2.8955000000000837,0.15867174525309577,-0.13568790489728555,-0.06654970975025043
3230.914,0,2.8955000000000837,0.2440792289705411,-0.1132326158319718,-0.3788663683427383
3231.023,0.5,2.9500000000000455,0.3048394773258425,-0.08000511280347827,-0.6232588189392456
3231.123,0.5,3.0,0.31072989246542776,-0.048932123556963754,-0.7609272449469101
3231.225,0,3.0,0.26076542999244456,-0.022334049697770454,-0.7152941408840223
3231.33,0,3.0,0.2017496758060273,-0.0011503337381339185,-0.6017980262036801
3231.427,0,3.0,0.13465079639475094,0.011910793512184844,-0.43968476972080733
3231.529,0,3.0,0.07238927638035647,0.019294499702971195,-0.275051328249983
3231.629,0,3.0,0.04142704954246432,0.023437204657213856,-0.19459276259903452
3231.736,0,3.0,0.026369239731374224,0.026258713308470127,-0.15788385911953307
3231.845,0,3.0,0.030107647520540442,0.029540446888206735,-0.17894428322624154
3231.952,0,3.0,0.035272774704422534,0.03331463378159496,-0.20576222545805248
3232.045,0,3.0,0.031660108074965526,0.03625902383256192,-0.20375739572258234
3232.135,0,3.0,0.019665015196926677,0.038028875200288186,-0.17308167119164458
3232.242,0,3.0,0.005325112826767542,0.03859866227275215,-0.1317713252985591
3232.34,0,3.0,-0.005094538174603238,0.03809939753164126,-0.09901457807111405
3232.453,0,3.0,-0.007426983764483874,0.037260148366255845,-0.08949949380531591
3232.56,0,3.0,-0.005832630458333542,0.036636056907214325,-0.09241027934664234
3232.655,0,3.0,-0.005469324537452014,0.03611647107615499,-0.09194143961610893
3232.757,0,3.0,-0.008281650028494052,0.035271742773249744,-0.08097027823426708
3232.865,0,3.0,-0.011061014103466178,0.03407715325007849,-0.06904841743983695
3232.959,0,3.0,-0.011401104108869839,0.03300544946384414,-0.0648130360649229
3233.061,0,3.0,-0.010545977642020577,0.03192975974435471,-0.0641513463070024
3233.171,0,3.0,-0.01017304902978037,0.0308107243510822,-0.06191302596390548
3233.266,0,3.0,-0.010575265340279022,0.029806074143753,-0.05769242641042194
3233.368,0,3.0,-0.011681625645707338,0.02861454832789247,-0.0507987680465554
3233.472,0,3.0,-0.01297079192001235,0.027265585968207693,-0.042884382144586036
3233.576,0,3.0,-0.013825144684578565,0.025827770921014088,-0.03600787870930657
3233.674,0,3.0,-0.01424090085706325,0.024432162637022508,-0.03057378533987777
3233.782,0,3.0,-0.014111049229225283,0.022908169320263714,-0.026391360273115297
3233.885,0,3.0,-0.013118461701949777,0.02155696776496203,-0.025315518189036754
3233.986,0,3.0,-0.011112149777318931,0.020434640637456616,-0.02796747258041305
3234.085,0,3.0,-0.008908864353944251,0.01955266306641471,-0.031931396137411375
3234.184,0,3.0,-0.008087165503231677,0.01875203368159348,-0.031994604535085416
3234.295,0,3.0,-0.009817133723029727,0.0176623318383384,-0.02353559434592601
3234.393,0,3.0,-0.012146413805386487,0.016471983285411055,-0.01297670844007371
3234.499,0,3.0,-0.013472557520300141,0.015043892188262378,-0.004714004003886704
3234.582,0,3.0,-0.01280622786072994,0.01398097527582072,-0.003524242245272341
3234.693,0,3.0,-0.010033847281226008,0.012867218227601313,-0.008500112839125912
3234.8,0,3.0,-0.00716656083636249,0.012100396218110734,-0.014801506145244725
3234.9,0,3.0,-0.006191384900297685,0.011481257728081527,-0.015869618483351527
3235.002,0,3.0,-0.007289593229351925,0.01073771921868864,-0.01034437796801014
3235.102,0,3.0,-0.009355459908939557,0.009802173227795533,-0.0013401399565679296
3235.204,0,3.0,-0.010714618221024763,0.008709282169247615,0.006016008155331445
3235.307,0,3.0,-0.009600954340319783,0.007720383872198415,0.005641711404364105
3235.41,0,3.0,-0.007065914255855689,0.006992594703844817,0.00021995865603261291
3235.514,0,3.0,-0.005190583073026045,0.006452774064248712,-0.0037865729736680023
3235.618,0,3.0,-0.005099104734695829,0.005922467171841292,-0.00247008731143639
3235.717,0,3.0,-0.006160000002452509,0.005312627171597507,0.0025421184925650056
3235.815,0,3.0,-0.007291457901087008,0.004598064297291298,0.00808018081138713
3235.915,0,3.0,-0.0072480071597590566,0.0038732635813160513,0.010124230735329014
3236.01,0,3.0,-0.00606059257948124,0.00329750728626379,0.00828925587965235
3236.124,0,3.0,-0.0048179029083562945,0.0027482663547132055,0.0062089096609292665
3236.224,0,3.0,-0.00439605991281661,0.002308660363429945,0.0062621986481599945
3236.331,0,3.0,-0.0049631951013359476,0.001777598487587143,0.009556789841246414
3236.434,0,3.0,-0.005574964810106917,0.0012033771121457656,0.013114763093883455
3236.533,0,3.0,-0.005396169438838954,0.0006691563377022992,0.014181039303409963
3236.629,0,3.0,-0.004508839031817823,0.0002363077906477718,0.012817593723510155
3236.737,0,3.0,-0.0037326548776598005,-0.00016681893614013844,0.011698421441399817
3236.837,0,3.0,-0.003250963545531196,-0.0004919152906929624,0.011228636508672476
3236.94,0,3.0,-0.003323149524418389,-0.0008341996917082741,0.01247204764837999
3237.039,0,3.0,-0.0040714770377893485,-0.0012372759184500713,0.01592625886871826
3237.143,0,3.0,-0.004279279842082306,-0.0016823210220258372,0.01788480259232443
3237.247,0,3.0,-0.0034731514899440635,-0.0020435287769793756,0.016550040800770317
3237.35,0,3.0,-0.00237619799673513,-0.0022882771706432496,0.013993425502135138
3237.452,0,3.0,-0.0017739823854353144,-0.002469223373958213,0.012729617278180581
3237.549,0,3.0,-0.001988298203579504,-0.0026620882997049327,0.01395115950985331
3237.656,0,3.0,-0.002652823024178707,-0.0029459403632919774,0.016796290162412054
3237.765,0,3.0,-0.0032625962515833995,-0.003301563354714319,0.019692478818893154
3237.859,0,3.0,-0.0033918575704573266,-0.0036203979663374805,0.021036766610384422
3237.959,0,3.0,-0.0024951966772148483,-0.0038699176340587383,0.019095342933820758
3238.061,0,3.0,-0.0012299927418413692,-0.003995376893726947,0.01567610890670495
3238.167,0,3.0,-0.0006883043107828553,-0.004068337150669768,0.014269924384357872
3238.264,0,3.0,-0.0013605130089907953,-0.004200306912542157,0.01668245976459886
3238.372,0,3.0,-0.002234845989441708,-0.0044416702794012365,0.02002954880652883
3238.467,0,3.0,-0.0027389990981506033,-0.004701875193726241,0.022322622875630534
3238.571,0,3.0,-0.002236951587718661,-0.004934518158848567,0.021514409239701684
3238.664,0,3.0,-0.0010055030907822299,-0.005028029946291618,0.018100599111221544
3238.775,0,3.0,-0.00018156548520552795,-0.00504818371514941,0.015689247601064812
3238.867,0,3.0,3.0794600586468626e-06,-0.005047900404824014,0.0151344628342961
3238.982,0,3.0,-0.00045856343942406066,-0.005100635200357681,0.016677595919345225
3239.08,0,3.0,-0.0010970502156404183,-0.0052081461214903944,0.01891558901139244
3239.182,0,3.0,-0.0013830498601586168,-0.005349217207226382,0.020196801202154994
3239.287,0,3.0,-0.001101892040673331,-0.005464915871497101,0.019700423736511295
3239.389,0,3.0,-0.0006622968762716192,-0.005532470152877016,0.01858430108744591
3239.486,0,3.0,-0.0005044520292006435,-0.005581401999709353,0.01825756208672999
3239.594,0,3.0,-0.0003325994878979402,-0.00561732274440239,0.01784976669690099
3239.701,0,3.0,-0.00016753430635523138,-0.005635248915182394,0.017408349664612875
3239.802,0,3.0,-8.002401633916908e-05,-0.005643331340832659,0.017170066071515482
3239.897,0,3.0,-0.00010379958202891283,-0.005653192301125385,0.017270975649462894
3239.996,0,3.0,-0.00019356161350934166,-0.00567235490086284,0.017597749543116544
3240.1,0,3.0,-0.0002561508251747087,-0.005698994586680963,0.017865436235567016
3240.204,0,3.0,-0.00020633807422136612,-0.005720453746400041,0.01778037546186422
3240.316,0,3.0,-4.4504305605233176e-05,-0.0057254382286278105,0.01730982760269913
3240.411,0,3.0,0.00014283690612185463,-0.005711868722546198,0.01670709544927303
3240.514,0,3.0,0.00023874551061730056,-0.005687277934952601,0.016345597273005903
3240.607,0,3.0,0.00022675799184530425,-0.005666189441711022,0.016318294349597154
3240.706,0,3.0,0.00015695103828572004,-0.005650651288920712,0.016481100751904974
3240.82,0,3.0,0.00011931652310958766,-0.005637049205286215,0.01655319804652988
3240.916,0,3.0,0.00017130176665964834,-0.005620604235686888,0.016347907407081717
3241.021,0,3.0,0.0002817749503608705,-0.005591017865898992,0.015927728746614363
3241.117,0,3.0,0.000295368323880943,-0.005562662506806419,0.01580188254877643
3241.225,0,3.0,0.00011715844767485664,-0.005550009394457567,0.016298552840348132
3241.323,0,3.0,0.0001821284438138329,-0.00553216080696382,0.01605009708944996
3241.433,0,3.0,0.00044670839382301286,-0.005483022883643232,0.015108943469460658
3241.532,0,3.0,0.0007328734718164955,-0.005410468409933282,0.014032784814350358
3241.636,0,3.0,0.000738310867889027,-0.005333684079672959,0.013786119635351795
3241.74,0,3.0,0.00036741490643762,-0.005295472929403515,0.014784174068897685
3241.832,0,3.0,0.00018644163485381898,-0.005278320298996945,0.015275635992429377
3241.935,0,3.0,0.00032474621979810875,-0.005244871438357718,0.01476037565567883
3242.037,0,3.0,0.000675854602231633,-0.0051759342689301855,0.013500239000095657
3242.137,0,3.0,0.0009180679717979396,-0.005084127471750058,0.012498178499856356
3242.242,0,3.0,0.0009086863537825312,-0.004988715404602877,0.012240087152461037
3242.333,0,3.0,0.0006630965332349574,-0.004928373620078566,0.012795831260530827
3242.453,0,3.0,0.0003883329030412471,-0.004881773671713659,0.013480322306017237
3242.546,0,3.0,0.0002757169112175718,-0.004856131998970467,0.013741245263258685
3242.65,0,3.0,0.00044420993356310886,-0.004809934165879784,0.013097172696950026
3242.752,0,3.0,0.0007472887742981585,-0.004733710710901475,0.01195926580980995
3242.854,0,3.0,0.0009431590500747257,-0.004637508487793984,0.011083048313157776
3242.957,0,3.0,0.0008960867098595644,-0.004545211556678391,0.010947374540456481
3243.066,0,3.0,0.0006934710622376371,-0.004469623210894542,0.011328456445970716
3243.161,0,3.0,0.0005101191471622617,-0.004421161891913997,0.011733128234255208
3243.263,0,3.0,0.000488160571471122,-0.00437136951362401,0.011649626826458663
3243.382,0,3.0,0.0007418939383396175,-0.004283084134961489,0.010623570589865615
3243.505,0,3.0,0.0008769987727985115,-0.004175213285907231,0.009894643539326158
3243.624,0,3.0,0.0008635019176317452,-0.0040724565577093235,0.009626863920232735
3243.726,0,3.0,0.0007375120591590778,-0.003997230327674864,0.009779154805547358
3243.826,0,3.0,0.00045713879924004367,-0.003951516447750901,0.010483132945532572
3243.934,0,3.0,0.00035254171389118233,-0.003913441942650591,0.010682700686278227
3244.021,0,3.0,0.0005358777905665403,-0.0038668205748713085,0.009992828352914304
3244.127,0,3.0,0.000875146391834595,-0.003774055057337045,0.00869672599650735
3244.239,0,3.0,0.0010701635016110082,-0.003654196745156526,0.007752099730636555
3244.339,0,3.0,0.0008309422690356399,-0.0035711025182530373,0.008220480747652192
3244.439,0,3.0,0.0004884104484497424,-0.0035222614734081075,0.009101553074875096
3244.54,0,3.0,0.00035676003308973827,-0.0034862287100660035,0.009388406030928796
3244.639,0,3.0,0.0005387734149511969,-0.0034328901419857488,0.008682350181103655
3244.737,0,3.0,0.0008294336340148274,-0.0033516056458523322,0.0075665160355125145
3244.833,0,3.0,0.0009876121824913726,-0.0032567948763331566,0.0068075480815253525
3244.951,0,3.0,0.0009128702615226062,-0.003149076185473545,0.006708617771852817
3245.049,0,3.0,0.0006664210044786102,-0.0030837669270346703,0.007252037767668181
3245.151,0,3.0,0.0004496265410987317,-0.003037905019842662,0.00776483543623179
3245.244,0,3.0,0.00041419185692155076,-0.0029993851771488323,0.007755579960681845
3245.349,0,3.0,0.0005592783211680382,-0.0029406609534261777,0.007144147896774419
3245.466,0,3.0,0.0006331211574514655,-0.002866585778004524,0.006700393861659177
3245.546,0,3.0,0.00067898774556978,-0.002812266758358991,0.006399837038367633
3245.664,0,3.0,0.0007088027123007171,-0.0027286280383072275,0.006059475978019532
3245.765,0,3.0,0.0006954806037030186,-0.0026583844973334606,0.0058887116808913256
3245.867,0,3.0,0.0005488910323848209,-0.0026023976120300354,0.006160519738935643
3245.962,0,3.0,0.00046018591919037486,-0.0025586799497070416,0.00629548209155
3246.071,0,3.0,0.0005182607271232799,-0.0025021895304506436,0.005951786409982091
3246.171,0,3.0,0.0006439491631037996,-0.002437794614140322,0.005381536353109567
3246.276,0,3.0,0.0007298206992917771,-0.0023611634407146725,0.004894028224268687
3246.374,0,3.0,0.0007032296490937467,-0.002292246935103516,0.004767051858029307
3246.472,0,3.0,0.0005624626601615374,-0.002237125594407454,0.0050239888027377505
3246.576,0,3.0,0.00041974114775685895,-0.002193472515040819,0.005321194101851881
3246.669,0,3.0,0.00038172804262310065,-0.0021579718070769294,0.005328731293361486
3246.78,0,3.0,0.00048491645599373925,-0.002104146080461464,0.004857688873403175
3246.881,0,3.0,0.0006375416688374407,-0.002039754371909101,0.004206638109214981
3246.99,0,3.0,0.0007427073033993798,-0.001958799275838625,0.003648275917317736
3247.088,0,3.0,0.0006975847188756249,-0.001890435973388527,0.0035785537635387066
3247.195,0,3.0,0.0006069461528977855,-0.0018254927350284818,0.0036556397463920884
3247.3,0,3.0,0.000518953980540993,-0.001771002567071668,0.0037561457595920254
3247.391,0,3.0,0.0004698683331587151,-0.0017282445487542745,0.003775128646786678
3247.5,0,3.0,0.00046024316835564306,-0.0016780780434035446,0.003653504625143705
3247.6,0,3.0,0.0004896880671310001,-0.001629109236690489,0.003418263508678467
3247.696,0,3.0,0.0005351319846890055,-0.0015777365661603423,0.0031278137444140106
3247.812,0,3.0,0.0005649837120464015,-0.0015121984555629677,0.002841644230549699
3247.907,0,3.0,0.0005640028912414393,-0.0014586181808948872,0.002683845868960343
3248.006,0,3.0,0.0005395784352599834,-0.001405199915804308,0.002596864441632973
3248.11,0,3.0,0.0004993654549876892,-0.0013532659084854537,0.0025617013604932936
3248.201,0,3.0,0.0004531272616760125,-0.0013120313276729842,0.002576712197990915
3248.31,0,3.0,0.00039023620584067553,-0.0012694955812363805,0.002637778126187115
3248.411,0,3.0,0.00035006908554758827,-0.0012341386035960348,0.0026522085541453395
3248.515,0,3.0,0.00034185005860218814,-0.0011985861975014707,0.0025702084166978473
3248.618,0,3.0,0.0003500567709828823,-0.0011625303500902109,0.0024374207373219856
3248.719,0,3.0,0.0003579933813127055,-0.0011263730185775873,0.0023051389117946454
3248.825,0,3.0,0.00035804061439106494,-0.001088420713452218,0.002191140297183459
3248.928,0,3.0,0.00034582736782761385,-0.0010528004945659511,0.002120919380215012
3249.017,0,3.0,0.000301621938272384,-0.0010259561420597266,0.0021730026113620277
3249.121,0,3.0,0.0002727700855691672,-0.0009975880531604597,0.0021744539027738776
3249.227,0,3.0,0.00026562970012729026,-0.0009694313049470288,0.0021114048144592152
3249.336,0,3.0,0.00027388565014247016,-0.0009395777690815205,0.0019970763568171513
3249.437,0,3.0,0.00028542062168320095,-0.000910750286291485,0.0018759889938248521
3249.54,0,3.0,0.0002719975969525318,-0.0008827345338053563,0.0018322108105584736
3249.635,0,3.0,0.00026079780773926664,-0.0008579587420700595,0.0017914828029923784
3249.732,0,3.0,0.0002608577565638719,-0.0008326555396834284,0.0017153933493586696
3249.848,0,3.0,0.00027286892335156985,-0.0008010027445746503,0.001584401463669241
3249.998,0,3.0,0.00026873310312987563,-0.0007606927791051444,0.0014758790279258065
3250.102,0,3.0,0.0002450342446111249,-0.0007352092176656328,0.001470524919163524
3250.201,0,3.0,0.00023659723520885024,-0.0007117860913799189,0.0014255665685132058
3250.296,0,3.0,0.00023843231517933544,-0.0006891350214379298,0.001352108118775783
3250.407,0,3.0,0.00023925792694631811,-0.0006625773915468092,0.0012699583938014735
3250.51,0,3.0,0.00022552994387513964,-0.000639347807327655,0.001241453590357546
3250.61,0,3.0,0.0002235872024928568,-0.0006169890870783897,0.001180205653756599
3250.713,0,3.0,0.00022829415903874358,-0.0005934747886973842,0.0010955418889759217
3250.816,0,3.0,0.0002334650314576517,-0.0005694278904573369,0.0010078885769990557
3250.909,0,3.0,0.00022902881918192468,-0.0005481282102733488,0.0009572981732742724
3251.011,0,3.0,0.00021038666431406354,-0.0005266687705133433,0.0009488463185978393
3251.12,0,3.0,0.00020080449701379496,-0.0005047810803388551,0.0009119297499751804
3251.218,0,3.0,0.0001937894706700932,-0.0004857897122131944,0.0008760007246293035
3251.328,0,3.0,0.00018417903144797045,-0.0004655300187538942,0.0008440529619177711
3251.417,0,3.0,0.0001788793311221096,-0.0004496097582840368,0.0008121912814857816
3251.526,0,3.0,0.0001706942287703147,-0.0004310040873480856,0.0007809295757333127
3251.623,0,3.0,0.00016795619405266652,-0.00041471233652494216,0.0007402684274168268
3251.732,0,3.0,0.00016347828852846864,-0.0003968932030753516,0.0007002447436406489
3251.829,0,3.0,0.00017056069423027696,-0.0003803488157349794,0.0006293643645141073
3251.937,0,3.0,0.00018102629264138341,-0.00036079797612976073,0.0005393150504651319
3252.041,0,3.0,0.0001810849896277546,-0.00034196513720842546,0.00048264044274201254
3252.142,0,3.0,0.00016153909267659677,-0.00032564968884814444,0.000492331788514643
3252.245,0,3.0,0.00014126208808543068,-0.0003110996937753358,0.0005095128170697154
3252.34,0,3.0,0.00013853682348898808,-0.00029793869554384667,0.0004782056161645758
3252.443,0,3.0,0.0001461988076297789,-0.00028288021835796984,0.0004100442321845728
3252.547,0,3.0,0.00015638183123406683,-0.00026661650790965586,0.0003307040300267671
3252.648,0,3.0,0.00015637860323097487,-0.00025082226898330974,0.0002833309972570046
3252.751,0,3.0,0.0001410482634177177,-0.00023629429785127556,0.0002857381033006737
3252.855,0,3.0,0.00013140951535183226,-0.00022262770825470936,0.0002736545787086313
3252.952,0,3.0,0.00012375504159406489,-0.0002106234692200594,0.00026060528287798364
3253.055,0,3.0,0.00011237776906940462,-0.0001990485590059545,0.00026001236980964965
3253.162,0,3.0,0.00010930943681759421,-0.0001873524492664751,0.00023412903734664262
3253.259,0,3.0,0.00011394628503652754,-0.0001762996596179083,0.00018706012374414234
3253.367,0,3.0,0.00011562403327355862,-0.00016381226402434378,0.0001445646922523555
3253.465,0,3.0,0.00010846546606602373,-0.0001531826483498782,0.00013415154685156343
3253.567,0,3.0,0.0001061085676424936,-0.00014235957445035853,0.00010875302042359479
3253.673,0,3.0,0.00010288098954172065,-0.0001314541895589601,8.571960005171833e-05
3253.782,0,3.0,9.292103311406677e-05,-0.00012132579694949166,8.521429150627465e-05
3253.88,0,3.0,9.005401127385684e-05,-0.00011250050384465763,6.733947771240238e-05
3253.963,0,3.0,9.27986630264124e-05,-0.00010479821481345764,3.5998655361135724e-05
3254.078,0,3.0,9.746938965380896e-05,-9.358923500329089e-05,-1.1640463951554194e-05
3254.175,0,3.0,-0.03020952152824236,-0.003023912823249064,0.09970030305447428
3254.28,0,3.0,-0.06076655412529336,-0.009404401006405973,0.210512865395098
3254.385,0,3.0,-0.07266106617540466,-0.017033812954824784,0.26908463739068833
3254.48,0,3.0,-0.06077481170959355,-0.022807420067224013,0.2507466953304527
3254.583,0,3.0,-0.04016771762600582,-0.026944694982705242,0.2013372378261332
3254.686,0,3.0,-0.02714968382356641,-0.029741112416534363,0.17067238872030233
3254.788,0,3.0,-0.027984677840657928,-0.0325955495562776,0.18174068219080658
3254.892,0,3.0,-0.03647530984956406,-0.0363889817806255,0.2185928748905687
3254.982,0,3.0,-0.04267640662758607,-0.040229858377114465,0.24871879501410163
3255.093,0,3.0,-0.03964421632673634,-0.04463036638937729,0.2528237481483409
3255.199,0,3.0,-0.029365858896144476,-0.04774314743237513,0.23132701898555882
3255.305,0,3.0,-0.01792247324535686,-0.04964292959637879,0.20269620852520695
3255.388,0,3.0,-0.011685239717130137,-0.05061280449290157,0.18689413263009513
3255.5,0,3.0,-0.010535577226281892,-0.05179278914224599,0.18698509910558364
3255.603,0,3.0,-0.006753126745383544,-0.052488361197020945,0.17772446382721346
3255.708,0,3.0,-0.010593846091886442,-0.05360071503666921,0.19258368338566695
3255.815,0,3.0,-0.016357334646659803,-0.05535094984386133,0.2151248534715634
3255.901,0,3.0,-0.020432011311713065,-0.057108102816664265,0.232620342385132
3256.015,0,3.0,-0.018966834520953865,-0.059270321952053624,0.2347114694190225
3256.122,0,3.0,-0.015211284739745716,-0.06089792941920597,0.22832764247685508
3256.216,0,3.0,-0.012433948638543397,-0.06206672059122969,0.22350200768931924
3256.319,0,3.0,-0.011818187436470803,-0.06328399389718696,0.22530654400097327
3256.42,0,3.0,-0.012262840684037893,-0.06452254080627616,0.23035614447094216
3256.524,0,3.0,-0.012206218968877608,-0.06579198757903716,0.23399461964374432
3256.629,0,3.0,-0.010783342950987042,-0.066924238588891,0.23312274461963411
3256.728,0,3.0,-0.008911463290515023,-0.06780647345465342,0.23015381023550535
3256.825,0,3.0,-0.00813278469732287,-0.06859535357029171,0.23018441480284374
3256.938,0,3.0,-0.008868999621879961,-0.06959755052756668,0.23539965044833994
3257.038,0,3.0,-0.010395227761295117,-0.07063707330369524,0.2430969031949711
3257.142,0,3.0,-0.011224530066599464,-0.0718044244306195,0.24908686349165687
3257.242,0,3.0,-0.010114833393904886,-0.07281590777001366,0.24879222349175564
3257.346,0,3.0,-0.007824053712918463,-0.07362960935615574,0.2443609892072226
3257.437,0,3.0,-0.005759079827153139,-0.07415368562042608,0.2397382963427377
3257.545,0,3.0,-0.005284792253560401,-0.07472444318381154,0.24002770631211579
3257.645,0,3.0,-0.006576212151237234,-0.07538206439893468,0.2458748296505157
3257.752,0,3.0,-0.00847477694280643,-0.07628886553181473,0.25429092742386344
3257.852,0,3.0,-0.00933648133347271,-0.07722251366516115,0.25967698499590164
3257.946,0,3.0,-0.008788201609360622,-0.07804860461644149,0.2605104186774063
3258.059,0,3.0,-0.0071478622786955055,-0.0788563130539361,0.2580125259978948
3258.162,0,3.0,-0.0056082364810874545,-0.07943396141148594,0.25512659367772017
3258.267,0,3.0,-0.005152080022528304,-0.0799749298138515,0.2553810295091394
3258.358,0,3.0,-0.0058496759638740105,-0.08050725032656607,0.25907077887132024
3258.457,0,3.0,-0.006829124846381819,-0.08118333368635584,0.264037375598213
3258.565,0,3.0,-0.007364320863582282,-0.08197868033962401,0.26802900360961884
3258.668,0,3.0,-0.007013667804124355,-0.08270108812344927,0.2691442677827209
3258.769,0,3.0,-0.006264081477071313,-0.08333376035263133,0.26879352548910795
3258.873,0,3.0,-0.005638691691716439,-0.08392018428857136,0.2686766279408634
3258.973,0,3.0,-0.005490051002975581,-0.08446918938886842,0.269877721175532
3259.073,0,3.0,-0.005776013190600068,-0.08504679070792791,0.2724684116955839
3259.165,0,3.0,-0.00613290359631998,-0.08561101783878995,0.2752317643053298
3259.269,0,3.0,-0.006278361064603798,-0.08626396738950758,0.2776269853623341
3259.384,0,3.0,-0.0060811441787386985,-0.08696329897006395,0.27913332944640795
3259.486,0,3.0,-0.005707215225097028,-0.08754543492302307,0.27975795044436025
3259.583,0,3.0,-0.005517858718670953,-0.0880806672187353,0.28079557781221876
3259.684,0,3.0,-0.0054715700811937724,-0.08863329579693648,0.28231459763439076
3259.79,0,3.0,-0.005563710035501286,-0.08922304906069832,0.2843602772885988
3259.89,0,3.0,-0.005669492555831225,-0.08978999831628091,0.2863784726163364
3259.987,0,3.0,-0.005580462749210602,-0.0903313032029555,0.2877352978564983
3260.098,0,3.0,-0.005334590959169183,-0.09092344279942262,0.2887741012757754
3260.199,0,3.0,-0.005084856689545616,-0.0914370133250673,0.28956561004383874
3260.297,0,3.0,-0.005040189693475699,-0.09193095191502769,0.29091342482551014
3260.406,0,3.0,-0.005195165891253234,-0.0924972249971739,0.29307717266528144
3260.502,0,3.0,-0.005386745943808752,-0.09301435260777956,0.2952032956547649
3260.602,0,3.0,-0.0054624999080093665,-0.09356060259858,0.29706930751976807
3260.705,0,3.0,-0.005345728199312519,-0.09411121260310955,0.2983708224072662
3260.81,0,3.0,-0.00510192721247391,-0.0946469149604194,0.29924652651867995
3260.91,0,3.0,-0.004892768878333623,-0.09513619184825232,0.3000868821797578
3261.012,0,3.0,-0.00482605975794142,-0.09562844994356388,0.3013635291045159
3261.101,0,3.0,-0.004896572410023569,-0.09606424488805569,0.3028824518942378
3261.222,0,3.0,-0.005019717755699147,-0.09667163073649578,0.3050740454765848
3261.319,0,3.0,-0.005013899221044182,-0.09715797896093582,0.30651563454594005
3261.415,0,3.0,-0.005004307557727733,-0.0976383924864777,0.3079281001326163
3261.522,0,3.0,-0.005045079282019662,-0.09817821596965366,0.30966988575501997
3261.618,0,3.0,-0.004911689968884862,-0.09864973820666663,0.3106842845266545
3261.725,0,3.0,-0.004793845998301428,-0.09916267972848473,0.31186957718035846
3261.827,0,3.0,-0.004525505421739018,-0.09962428128150354,0.3124493601097277
3261.929,0,3.0,-0.004281806287216757,-0.10006102552279907,0.31302849543004746
3262.026,0,3.0,0.0006728386824238927,-0.09999576017060412,0.2979687644645407
3262.136,0,3.0,0.010342781639496498,-0.09885805419025818,0.2655458176522851
3262.234,0,3.0,0.007708784698246999,-0.09810259328983033,0.27118142577474996
3262.343,0,3.0,0.0007825971638950752,-0.09801729019896584,0.2917040791052123
3262.445,0,3.0,-0.0020454629860436713,-0.09822592742354293,0.3008141712287598
3262.545,0,3.0,-0.009678760040298558,-0.0991938034275719,0.3266176904036114
3262.645,0,3.0,-0.017244077507463255,-0.10091821117831666,0.35448686605733976
3262.77,0,3.0,-0.023712605162534234,-0.10388228682363344,0.3827846759585031
3262.901,0,3.0,-0.020103111398821885,-0.10651579441687627,0.3798567174470945
3263.002,0,3.0,-0.012247427576928977,-0.10775278460214748,0.36000063653722936
3263.099,0,3.0,-0.005641087156646104,-0.10829997005634333,0.3418231716389683
3263.206,0,3.0,-0.0014579161400333873,-0.10845596708332685,0.32974164967008074
3263.309,0,3.0,-0.001412081377276936,-0.10860141146518647,0.3300404785273902
3263.406,0,3.0,-0.004555277110544327,-0.10904327334490814,0.34079565136635737
3263.513,0,3.0,-0.006416298682492717,-0.10972981730393468,0.3484383479592822
3263.615,0,3.0,-0.0046940800216463165,-0.11020861346614196,0.3447080804633648
3263.715,0,3.0,0.00010188881501015504,-0.1101984245846409,0.33028960730889223
3263.823,0,3.0,0.004201138870625628,-0.1097447015866145,0.31663068814796663
3263.921,0,3.0,0.007158129990438064,-0.10904320484755188,0.3056552245713415
3264.021,0,3.0,0.009241522279692603,-0.10811905261957926,0.29663259101965994
3264.122,0,3.0,0.010165850097794159,-0.10709230175970554,0.29077935498573415
3264.222,0,3.0,0.011663481528480873,-0.10592595360685321,0.28278741623511705
3264.328,0,3.0,0.014341258916316003,-0.10440578016172707,0.27019356373623316
3264.419,0,3.0,0.028568988755657568,-0.10180600218496523,0.219711040287923
3264.538,0,3.0,0.03454595300580282,-0.0976950337772698,0.18944724231440097
3264.637,0,3.0,0.028151738053624788,-0.09490801170995646,0.200268820968995
3264.737,0,3.0,0.016790715448721356,-0.09322894016508586,0.22931467414909348
3264.831,0,3.0,0.018263863220576985,-0.09151213702235068,0.21974482140532112
3264.94,0,3.0,0.02391634627339029,-0.08890525527855296,0.194966727015488
3265.042,0,3.0,0.027151461342104027,-0.0861358062216621,0.1769530346386742
3265.141,0,3.0,0.02698336362872227,-0.08346445322241429,0.16944326878107605
3265.246,0,3.0,0.023287565575218425,-0.08101925883701593,0.1731950797853925
3265.345,0,3.0,0.017408269114853388,-0.07929584019465057,0.1856627132393915
3265.444,0,3.0,0.013249690271869102,-0.07798412085773342,0.19420329175759293
3265.547,0,3.0,0.01979135942403027,-0.07594561083705699,0.16846275423908016
3265.653,0,3.0,0.0225930657543767,-0.07355074586709832,0.1528730403381649
3265.752,0,3.0,0.0275853057409896,-0.07081980059873595,0.12970348457323908
3265.858,0,3.0,0.021760879078464444,-0.06851314741641389,0.1402568050138483
3265.95,0,3.0,0.008390418406209727,-0.06774122892304558,0.1780524315505076
3266.06,0,3.0,-0.0028463722168598177,-0.06805432986690053,0.21270210625128108
3266.165,0,3.0,-0.005655633516606312,-0.0686481713861443,0.22291141470825182
3266.263,0,3.0,-0.00026953453701404314,-0.06867458577077167,0.2068323609233571
3266.366,0,3.0,0.00642788962374378,-0.06801251313952562,0.18475387054734554
3266.476,0,3.0,0.009421986849076538,-0.06697609458612601,0.17266232321114838
3266.575,0,3.0,0.006571396178465144,-0.06632552636445989,0.17926239055798426
3266.673,0,3.0,0.001513390188754421,-0.06617721412596202,0.1939914718116228
3266.773,0,3.0,-0.001893029488353192,-0.06636651707479803,0.20477863968945367
3266.884,0,3.0,-0.0012696248812589374,-0.06650744543661762,0.20333121095362963
3266.973,0,3.0,0.0022200256214539634,-0.06630986315630834,0.19226951260456313
3267.081,0,3.0,0.0048390117583443255,-0.06578724988640632,0.18284471438418595
3267.178,0,3.0,0.004484408718808558,-0.06535226224068298,0.1826035605656233
3267.287,0,3.0,0.001879572377902688,-0.06514738885149172,0.1898034494207671
3267.389,0,3.0,-0.00010880197002606313,-0.06515848665243441,0.19580186586738144
3267.477,0,3.0,0.000573341568448165,-0.06510803259441113,0.1936040730778889
3267.586,0,3.0,0.003207592861049588,-0.06475840497255696,0.1846524363345221
3267.699,0,3.0,0.004623546237600636,-0.06423594424770677,0.1788371940303184
3267.795,0,3.0,0.004149865115311271,-0.06383755719663688,0.17906307624397683
3267.901,0,3.0,0.0026361230092294442,-0.06355812815765917,0.1827660154452892
3267.991,0,3.0,0.0012654490316451519,-0.06344423774481091,0.18653636613949728
3268.095,0,3.0,0.0017131228185676935,-0.06326607297168017,0.18465885045933741
3268.198,0,3.0,0.011776586371414457,-0.06205308457542371,0.15082949461202777
3268.303,0,3.0,0.01579894710917226,-0.06039419512896033,0.13378574405936422
3268.403,0,3.0,0.010067198437762456,-0.059387475285185,0.14796083054226764
3268.512,0,3.0,0.0005821535258760143,-0.0593240205508643,0.17622560107496485
3268.618,0,3.0,-0.005107952038220954,-0.05986546346691453,0.19492024651540646
3268.71,0,3.0,-0.0031684119243275627,-0.060156957363952976,0.1899761078648416
3268.817,0,3.0,0.011252627684807148,-0.05895292620167894,0.1431008955506154
3268.915,0,3.0,0.019681737776722382,-0.05702411589956101,0.11202713436851587
3269.014,0,3.0,0.014852215388620311,-0.05555374657608522,0.12210459356239473
3269.119,0,3.0,0.0032999185338807267,-0.05520725513002768,0.15572200978844086
3269.219,0,3.0,-0.0049333266266651955,-0.055700587792693754,0.18190174325807684
3269.316,0,3.0,-0.003981724660228849,-0.05608681508473497,0.18020561923489145
3269.425,0,3.0,0.004038292676306057,-0.055646641183016085,0.15482504552013007
3269.535,0,3.0,0.011000238702783107,-0.05443661492571354,0.1303091286687913
3269.639,0,3.0,0.01178361515028238,-0.053211118950081,0.12428251139939586
3269.734,0,3.0,0.007030113204030922,-0.052543258195699466,0.13653943497500565
3269.839,0,3.0,0.0021242131673901593,-0.05232021581312346,0.1505880079371999
3269.929,0,3.0,0.0015558503441746453,-0.052180189282147516,0.1518730168139186
3270.045,0,3.0,0.004969499575546293,-0.051603727331384214,0.13990268326751376
3270.152,0,3.0,0.016786420986232942,-0.04980758028585777,0.09906347789887449
3270.292,0,3.0,0.014270306542907335,-0.047809737369852556,0.10061829248083566
3270.392,0,3.0,0.00613320079468773,-0.047196417290384346,0.12318964948708985
3270.492,0,3.0,0.0003413555126823256,-0.04716228173911599,0.140462778679301
3270.604,0,3.0,0.0008570561663795849,-0.0470662914484818,0.13862770584630668
3270.702,0,3.0,0.006017759431638167,-0.04647655102417879,0.12137637477762185
3270.801,0,3.0,0.011035074392799502,-0.04538407865929489,0.10304701279948617
3270.912,0,3.0,0.011124811447269345,-0.044149224588649366,0.09907323942414006
3271.006,0,3.0,0.008070584967642121,-0.04339058960169059,0.10596001390214542
3271.105,0,3.0,0.005165392305674503,-0.042879215763427986,0.11314147037326044
3271.211,0,3.0,0.004760103672912884,-0.04237464477410033,0.11284362330356233
3271.311,0,3.0,0.006700923507569864,-0.04170455242334091,0.10501088674731313
3271.416,0,3.0,0.010097255107444972,-0.040644340637059004,0.09164125658884209
3271.521,0,3.0,0.01291696854330603,-0.03928805894001164,0.07911327119011682
3271.619,0,3.0,0.010797520230449017,-0.038229901957428106,0.08229714518093727
3271.716,0,3.0,0.007577409872325765,-0.037494893199814375,0.08975244998246583
3271.828,0,3.0,0.005893957211166584,-0.036834769992163244,0.09282243834298998
3271.928,0,3.0,0.006310629974776918,-0.03620370699468613,0.08967923105972762
3272.024,0,3.0,0.008189484883617943,-0.03541751644585878,0.0816840946867225
3272.129,0,3.0,0.009403409162486257,-0.034430158483797546,0.07508024796393387
3272.226,0,3.0,0.009391486289888926,-0.03351918431367637,0.07238309407136233
3272.334,0,3.0,0.009090428536984475,-0.0325374180316846,0.07034096848410037
3272.433,0,3.0,0.00866108851317763,-0.03167997026887863,0.069056645267103
3272.539,0,3.0,0.008630102706273653,-0.030765179382011704,0.06640523002721416
3272.632,0,3.0,0.00860781542061247,-0.029964652547896056,0.06407051138185076
3272.738,0,3.0,0.008607300150906999,-0.029052278731901922,0.06133493574298478
3272.843,0,3.0,0.00846879754479702,-0.02816305498969808,0.05908277233470318
3272.948,0,3.0,0.008367733740859553,-0.027284442946907676,0.056750127618144366
3273.051,0,3.0,0.008602057884179944,-0.02639843098483658,0.05338911930196992
3273.156,0,3.0,0.00897867696119197,-0.02545566990391126,0.04943097882815786
3273.247,0,3.0,0.009020031121638437,-0.02463484707184311,0.04684444785061402
3273.363,0,3.0,0.008888406118727562,-0.02360379196207084,0.04414615753002983
3273.462,0,3.0,0.00882079191314895,-0.02273053356266768,0.04172922494855619
3273.558,0,3.0,0.009216718150379022,-0.021845728620231264,0.03788703140955672
3273.653,0,3.0,0.00973610758210963,-0.0209207983999328,0.03355407245346951
3273.757,0,3.0,0.00963075232682815,-0.019919200157940076,0.030865343493335775
3273.872,0,3.0,0.008766815259607957,-0.018911016403087073,0.030432603430437348
3273.966,0,3.0,0.007876883480147865,-0.018170589355952775,0.03088111762741473
3274.067,0,3.0,0.007914961732997274,-0.01737117822091916,0.028368649463765654
3274.165,0,3.0,0.00785593534047743,-0.016601296557552714,0.02623608365122585
3274.267,0,3.0,0.006659047477870357,-0.015922073714810858,0.0277890787108215
3274.366,0,3.0,0.007581585123354255,-0.015171496787597574,0.022769734992729954
3274.466,0,3.0,0.009615462767479386,-0.01420995051085051,0.013783463230113369
3274.576,0,3.0,0.011063482671571924,-0.01299296741697619,0.005788454236212798
3274.679,0,3.0,0.010632010788335432,-0.011897870305776943,0.003797578552324536
3274.78,0,3.0,0.009110613208478002,-0.010977698371719639,0.005601255489724913
3274.887,0,3.0,0.007972474517943988,-0.010124643598299864,0.006456507241067624
3274.992,0,3.0,0.008108056349226301,-0.009273297681630953,0.0034957239972139564
3275.085,0,3.0,0.009062333262280139,-0.008430500688240285,-0.0018954977221195615
3275.193,0,3.0,0.009733484672112571,-0.007379284343650427,-0.007062600985386431
3275.296,0,3.0,0.00946324911332502,-0.0064045696849816345,-0.009176038285030153
3275.394,0,3.0,0.008698540641622857,-0.005552112702102974,-0.009439283818559647
3275.494,0,3.0,0.008433115569654367,-0.004708801145134469,-0.011172943273559693
3275.592,0,3.0,0.008853723671168037,-0.003841136225360388,-0.015037762337422945
3275.7,0,3.0,0.00952801164874839,-0.002812110967298231,-0.02014770204435047
3275.799,0,3.0,0.009402141995214594,-0.0018812989097704814,-0.02256252925633234
3275.899,0,3.0,0.008538751572759275,-0.0010274237524953306,-0.022533983460791832
3276.007,0,3.0,0.0077361886117425305,-0.00019191538242578632,-0.022632819687950233
3276.103,0,3.0,0.00797528680999947,0.0005737121513341918,-0.02564699688400099
3276.207,0,3.0,0.008946598468133053,0.0015041583920183694,-0.03135227058045427
3276.314,0,3.0,0.009704985045687066,0.002542591791906603,-0.03674273051278101
3276.42,0,3.0,0.009377977997714098,0.0035366574596663782,-0.03874390637214143
3276.517,0,3.0,0.008144368218127862,0.0043266611768227655,-0.03741308818485188
3276.625,0,3.0,0.007160934980603163,0.005100042154729157,-0.03678293140599696
3276.718,0,3.0,0.00731390072374989,0.005780234922036779,-0.03928240693736
3276.827,0,3.0,0.00842566092047521,0.006698631962371764,-0.04537287864854092
3276.923,0,3.0,0.009258761909686128,0.007587473105697455,-0.050538705046150746
3277.022,0,3.0,0.008946695112359286,0.008473195921822458,-0.05225967310254523
3277.124,0,3.0,0.008019403980966589,0.009291175127879941,-0.05193173732653959
3277.233,0,3.0,0.007383175483467225,0.010095941255580661,-0.05243735021714366
3277.339,0,3.0,0.007390193904975016,0.010879301809506293,-0.054808487143443926
3277.439,0,3.0,0.00468742214145199,0.011348044023651065,-0.04810639849530916
3277.536,0,3.0,-0.0013240308885724714,0.01121961302745926,-0.029686746416660366
3277.631,0,3.0,-0.00017485395920628516,0.011203001901334698,-0.03308444382638524
3277.739,0,3.0,0.007298921900518943,0.01199128546659202,-0.05787062210133288
3277.84,0,3.0,0.014314715190315243,0.013437071700815473,-0.08325536067339215
3277.947,0,3.0,0.015905705804382705,0.015138982221883961,-0.0931340640788
3278.043,0,3.0,0.010814662359387224,0.016177189808385176,-0.0809755565033172
3278.145,0,3.0,0.00452465228678085,0.0166387043416362,-0.06349006988525115
3278.245,0,3.0,-0.0020690007268205257,0.016431804268954336,-0.043088410626401424
3278.356,0,3.0,-0.008725428785266017,0.015463281673786921,-0.02021355866556271
3278.456,0,3.0,-0.0022836317622150696,0.01523491849756562,-0.03885386020605165
3278.559,0,3.0,0.010176626485693013,0.01628311102559267,-0.07937921253385705
3278.656,0,3.0,0.01891602785928906,0.018117965727939028,-0.11110198076168426
3278.749,0,3.0,0.017736074241537052,0.019767420632399266,-0.11251048462180896
3278.855,0,3.0,0.009377959427150152,0.020761484331679264,-0.09041833127648824
3278.968,0,3.0,0.0018682667212949723,0.020972598471185273,-0.06852259557744074
3279.052,0,3.0,0.00045300115227879094,0.021010650567976824,-0.06439095516076684
3279.17,0,3.0,0.005156577517987522,0.02161912671509903,-0.08032711269925967
3279.269,0,3.0,0.007665831435308596,0.022378044027192324,-0.09013162638750277
3279.376,0,3.0,0.002403290420145919,0.02263519610214896,-0.07511545956688465
3279.478,0,3.0,0.0008039184811093005,0.022717195787222,-0.07056334280499389
3279.573,0,3.0,0.005191281642477863,0.02321036754325636,-0.08520494755720266
3279.675,0,3.0,0.011686970063378073,0.02440243848972462,-0.10826822565930808
3279.784,0,3.0,0.014929200410547284,0.026029721334473135,-0.12287676523506126
3279.882,0,3.0,0.011422324862287541,0.027149109170976814,-0.11571430209979305
3279.987,0,3.0,0.005157401661908523,0.027690636345477304,-0.09854411402215749
3280.091,0,3.0,0.0006426453234966084,0.02775747145912083,-0.08520035034785231
3280.182,0,3.0,0.0013524460231947872,0.027880544047231413,-0.08769897021127859
3280.283,0,3.0,0.006252647968210384,0.028512061492021366,-0.10429412838069524
3280.396,0,3.0,0.01092738367765415,0.02974685584759939,-0.12202271857576061
3280.498,0,3.0,0.011393320401137061,0.030908974528513794,-0.12690688478895257
3280.595,0,3.0,0.008320835343593007,0.031716095556840254,-0.12011079270129979
3280.703,0,3.0,0.0041919200918098315,0.03216882292675645,-0.10908222905569884
3280.793,0,3.0,0.0022899718287813036,0.032374920391347095,-0.1039946766603852
3280.899,0,3.0,0.003473771221682367,0.03274314014084462,-0.10865073408758096
3280.998,0,3.0,0.00645584563012318,0.03338226885822784,-0.11951434346505307
3281.105,0,3.0,0.008590078815363476,0.03430140729147148,-0.12867445832050486
3281.204,0,3.0,0.008210764071834804,0.03511427293458444,-0.12997511101925774
3281.312,0,3.0,0.006060135976462685,0.035768767620040706,-0.12548671078951018
3281.408,0,3.0,0.003974879467995591,0.036150356048968296,-0.12037570655089166
3281.517,0,3.0,0.0033061009412099058,0.03651072105155992,-0.11945046597830947
3281.617,0,3.0,0.0044369362781401436,0.03695441467937555,-0.12417405287254707
3281.717,0,3.0,0.0070355500613559965,0.03765796968551051,-0.13408055924059953
3281.875,0,3.0,0.007633959667794097,0.03886413531302123,-0.13949428494244598
3281.97,0,3.0,0.006187051463294641,0.03945190520203298,-0.13691686999598288
3282.076,0,3.0,-0.0006704416190378153,0.03938083839041483,-0.11613119031413104
3282.177,0,3.0,-0.010936753807655124,0.03827622625584043,-0.08201841734455592
3282.274,0,3.0,-0.007679368032675687,0.03753132755667278,-0.08955587857199128
3282.378,0,3.0,0.004417450502805616,0.03799074240896576,-0.12722457873531412
3282.492,0,3.0,0.013126704030205237,0.039487186668409585,-0.15784167209584446
3282.581,0,3.0,0.009525389328408688,0.040334946318637405,-0.14958100694113827
3282.678,0,3.0,0.0027941947392612233,0.04060598320834505,-0.13020053384281882
3282.795,0,3.0,-0.0010553122076755626,0.04048251168004681,-0.11828159841711373
3282.891,0,3.0,0.0002205030643031182,0.040503679974219914,-0.1221725491155691
3282.998,0,3.0,0.0052465454308264076,0.04106506033531819,-0.1389348172984338
3283.097,0,3.0,0.009166397321625556,0.041972533670160586,-0.15341679297535843
3283.201,0,3.0,0.009602472920274715,0.04297119085386737,-0.15772099132242628
3283.297,0,3.0,0.0063069417328425045,0.04357665726022028,-0.14965079697918834
3283.405,0,3.0,0.002743061550597038,0.043872907907685235,-0.13984790837484684
3283.497,0,3.0,0.001438258830549281,0.044005227720095255,-0.13633045965193363
3283.609,0,3.0,0.0028305492779357893,0.04432224923922429,-0.14145839555148024
3283.701,0,3.0,0.005279106858208822,0.04480792707018001,-0.15026110178516652
3283.802,0,3.0,0.006898033684397993,0.04550462847230499,-0.15720798647010895
3283.905,0,3.0,0.00653393571828519,0.04617762385128879,-0.15813467870872194
3284.015,0,3.0,0.004562353815350004,0.04667948277097579,-0.1537255097589774
3284.108,0,3.0,0.002721277730986296,0.046932561599958345,-0.14896151799283391
3284.221,0,3.0,0.002393525893806408,0.04720303002595806,-0.14878966775929342
3284.317,0,3.0,0.00337318378992158,0.04752685566979055,-0.1527001183791364
3284.422,0,3.0,0.004751837660308452,0.048025798624123026,-0.15833290885329443
3284.522,0,3.0,0.0054210049291729834,0.048567899117039834,-0.16196671213863845
3284.631,0,3.0,0.005090067816739332,0.04912271650906404,-0.1626383529774101
3284.726,0,3.0,0.003960675775777919,0.04949898070776394,-0.1603789694506256
3284.823,0,3.0,0.003038138752570781,0.049793680166762555,-0.158495456758
3284.929,0,3.0,0.0029310352096116607,0.05010436989898204,-0.1591062153257811
3285.025,0,3.0,0.003428560078862009,0.0504335116665528,-0.16158621523624442
3285.137,0,3.0,0.004103992052921717,0.05089315877648036,-0.1649914524882062
3285.234,0,3.0,0.00440300946363472,0.05132025069445184,-0.16716978047425968
3285.343,0,3.0,0.004121168836034556,0.051769458097579296,-0.16767188080084156
3285.445,0,3.0,0.003469148446774907,0.05212331123915144,-0.16677737905777906
3285.542,0,3.0,0.003048055162198423,0.05241897258988393,-0.16640108325624706
3285.641,0,3.0,0.003022976521174715,0.0527182472654807,-0.16722367135996627
3285.747,0,3.0,-0.0015655091654764764,0.05255230329394056,-0.15296038238539225
3285.855,0,3.0,-0.010703871639137724,0.05139628515691182,-0.1220772405533223
3285.951,0,3.0,-0.00885195575361873,0.05054649740456439,-0.12508362495283698
3286.051,0,3.0,0.0004957546261496775,0.05059607286717932,-0.15327548247998699
3286.156,0,3.0,0.010105356842495573,0.051657135335641535,-0.18528747653441133
3286.256,0,3.0,0.013659219564019213,0.05302305729204221,-0.20004683056818426
3286.353,0,3.0,0.008885629588983925,0.05388496336217549,-0.18831177885347825
3286.466,0,3.0,0.0011292642197442797,0.054012570219006406,-0.16542550331625205
3286.564,0,3.0,-0.008631283247398218,0.05316670446076176,-0.1336062636400906
3286.665,0,3.0,-0.018787576763579502,0.05126915920763811,-0.09744474733217583
3286.77,0,3.0,-0.011842700253736092,0.0500256756809956,-0.11454892628177854
3286.865,0,3.0,0.0038082282195271485,0.05038745736184992,-0.16258705674413124
3286.97,0,3.0,0.015041150641535616,0.05196677817921143,-0.20102378646224114
3287.078,0,3.0,0.01509867259939289,0.0535974348199485,-0.20608832225802415
3287.178,0,3.0,0.007341934262070991,0.05433162824615492,-0.18502068752467773
3287.277,0,3.0,-0.0007148805519192821,0.054260855071514805,-0.1606379235587866
3287.382,0,3.0,-0.002820667928308165,0.0539646849390424,-0.15343205103220273
3287.473,0,3.0,-0.00046296868345919887,0.053922554788847665,-0.1603787583161654
3287.575,0,3.0,0.003632988408753496,0.05429311960654001,-0.17377832404588053
3287.687,0,3.0,0.005842245312118413,0.05494745108149775,-0.1823690891808485
3287.785,0,3.0,0.00517568010866132,0.05545466773214633,-0.18189104352242294
3287.894,0,3.0,0.0031723992437918277,0.055800459249719395,-0.1769185754805337
3287.988,0,3.0,0.0018453438969864495,0.055973921576036215,-0.173457796419068
3288.091,0,3.0,0.002345014877259017,0.056215458108394054,-0.1756814189569592
3288.191,0,3.0,0.003339146039762158,0.05654937271236997,-0.17966555625639635
3288.291,0,3.0,0.003493381915612202,0.05689871090393246,-0.18117627845863402
3288.392,0,3.0,0.002443083661442831,0.05714546235373735,-0.17876563804554055
3288.503,0,3.0,0.0013070540800903135,0.05729054535662781,-0.17579279831015437
3288.608,0,3.0,0.0015632301877615434,0.057454684526342795,-0.17705374414231304
3288.708,0,3.0,0.0030500219571801502,0.05775968672206053,-0.18242912603772204
3288.807,0,3.0,0.004310565855027026,0.05818643274170693,-0.18749099579020187
3288.91,0,3.0,0.003987623892662218,0.0585971580026514,-0.18775434568594085
3289.0,0,3.0,0.0024455003914730343,0.058817253037884334,-0.18378826028807213
3289.118,0,3.0,0.0008152797839187634,0.058913456052386695,-0.1791862075089164
3289.217,0,3.0,0.0006130575929755079,0.05897414875409136,-0.17876161904120064
3289.322,0,3.0,0.0019186980597641293,0.05917561205036663,-0.18328293033039225
3289.425,0,3.0,0.003317938768481846,0.05951735974352047,-0.18850589553600697
3289.517,0,3.0,0.003431490796969602,0.05983305689684046,-0.18979364308143018
3289.616,0,3.0,0.0024701407564819908,0.06007760083173257,-0.18764322476464365
3289.728,0,3.0,0.0013609021833360596,0.06023002187626632,-0.18477277217880714
3289.825,0,3.0,0.0010792337555140484,0.06033470755055091,-0.18424182391819488
3289.934,0,3.0,0.0017162956245795646,0.06052178377363074,-0.1867142381946309
3290.032,0,3.0,0.0024230619820937165,0.060759243847875816,-0.1895469174899086
3290.136,0,3.0,0.002521516331009653,0.061021481546300355,-0.19062899363193003
3290.236,0,3.0,0.0018764864758680578,0.06120913019388699,-0.18925685000926515
3290.34,0,3.0,0.0012851816879042742,0.061342789089429375,-0.18788391233200097
3290.437,0,3.0,0.0012971890427536273,0.06146861642657615,-0.18829741640798936
3290.536,0,3.0,0.0018148681894950567,0.06164828837733645,-0.19038946970049453
3290.636,0,3.0,0.00215649101421887,0.06186393747875814,-0.19206128547893103
3290.744,0,3.0,0.001970203317055583,0.06207671943700048,-0.19214076826216817
3290.846,0,3.0,0.001391000191415255,0.06221860145652465,-0.19082880494381974
3290.95,0,3.0,0.0010251631521946635,0.06232521842435271,-0.1900511447296421
3291.049,0,3.0,0.0012680746925990195,0.06245075781892022,-0.1911564975345577
3291.155,0,3.0,0.0017688699585813113,0.06263825803453023,-0.19322138397933464
3291.257,0,3.0,0.0019446494245829785,0.06283661227583744,-0.19434378510126127
3291.358,0,3.0,0.0016385030314822306,0.06300210108201733,-0.19392181234049868
3291.461,0,3.0,0.0011277374440336388,0.06311825803875236,-0.192737986448358
3291.556,0,3.0,0.0009183568346721394,0.06320550193804646,-0.19237157631815577
3291.656,0,3.0,0.0011412823289444628,0.06331963017094079,-0.1933827374996558
3291.768,0,3.0,0.0015180473408557122,0.06348965147311676,-0.19502309644191743
3291.874,0,3.0,0.0016368309052078058,0.06366315554906841,-0.19589995936282864
3291.965,0,3.0,0.0013666578387339762,0.06378752141239367,-0.19546253775338293
3292.077,0,3.0,0.0010348066270514523,0.06390341975462353,-0.19481467914502495
3292.177,0,3.0,0.0009492016857817926,0.06399833992320163,-0.19484262482695025
3292.27,0,3.0,0.0020099065150205784,0.06418526122909825,-0.1985855032323565
3292.374,0,3.0,0.0039768291249691855,0.06459885145809431,-0.20572704174919051
3292.475,0,3.0,0.0056043044586513045,0.06516488620841872,-0.2123075720012101
3292.586,0,3.0,0.006052836982954168,0.06583675111352588,-0.21566876428944015
3292.682,0,3.0,0.005308863327052778,0.06634640199292297,-0.21496579595992724
3292.78,0,3.0,0.004363626818884797,0.06677403742117546,-0.21341299272018077
3292.875,0,3.0,0.0038863815333401576,0.06714324366684199,-0.21308887560054643
3292.981,0,3.0,0.003971040076154619,0.06756417391491526,-0.21460564197320964
3293.091,0,3.0,0.004230174961636594,0.0680294931606939,-0.2167790043669915
3293.19,0,3.0,0.004201020290707194,0.0684453941694746,-0.21793924338054538
3293.291,0,3.0,0.00386590254024341,0.06883585032603962,-0.21810525859884908
3293.398,0,3.0,0.0033878809090345206,0.0691983535833062,-0.21775870347702217
3293.501,0,3.0,0.0028565749139702846,0.06949258079944531,-0.2170474671402468
3293.596,0,3.0,-0.0034003746101990842,0.06916954521147708,-0.197307511803834
3293.702,0,3.0,-0.01583891820157183,0.06749061988210694,-0.15495510504160534
3293.811,0,3.0,-0.014238787449941925,0.06593859205006436,-0.1550994138003673
3293.907,0,3.0,-0.0025533477776380083,0.06569347066341111,-0.1894203686573193
3294.01,0,3.0,0.00904451435419881,0.06662505564189417,-0.22700870998827893
3294.108,0,3.0,0.011748755341172383,0.06777643366532854,-0.23857556701950278
3294.219,0,3.0,0.0034744082112626085,0.06816209297677825,-0.21490950356412258
3294.32,0,3.0,-0.006955523579405809,0.06745958509525748,-0.18151218454755502
3294.408,0,3.0,-0.011604471118452695,0.06643839163683668,-0.16450176155515195
3294.518,0,3.0,-0.009384995922040965,0.06540604208541098,-0.16806313849011006
3294.619,0,3.0,-0.004798967605519437,0.06492134635725297,-0.1803671362552006
3294.723,0,3.0,-0.0031069681245231486,0.06459822167230314,-0.18447376064333998
3294.819,0,3.0,-0.005597378445854433,0.0640608733415011,-0.17539048468694
3294.921,0,3.0,-0.009020321117896956,0.06314080058747684,-0.16236143840873965
3295.027,0,3.0,-0.008182715416669857,0.06227343275330802,-0.1622721520099145
3295.131,0,3.0,-0.003586560825475612,0.06190043042745921,-0.1749416088059508
3295.23,0,3.0,0.0019293394712681347,0.062091435035115064,-0.19206232351914962
3295.331,0,3.0,0.004038010946612297,0.06249927414072336,-0.19961185526200695
3295.433,0,3.0,0.0017331131100456073,0.06267605167794778,-0.19322749436398018
3295.538,0,3.0,0.0005420009861803448,0.06273296178149672,-0.18982488830303118
3295.644,0,3.0,0.00477436695941606,0.06323904467919371,-0.2040402349158293
3295.741,0,3.0,0.010908840778077992,0.06429720223466955,-0.2256181290382426
3295.852,0,3.0,0.014880873554336798,0.06594897919919908,-0.24248955826060764
3295.94,0,3.0,0.013003403583836635,0.06709327871457922,-0.24029004689524758
3296.045,0,3.0,0.008327000974986749,0.06796761381695297,-0.22888384437581916
3296.155,0,3.0,0.0059216578462894884,0.06861899618004556,-0.22362196207900514
3296.261,0,3.0,0.007903240007668044,0.06945673962085654,-0.23207993888557377
3296.354,0,3.0,0.012289327843593515,0.07059964711030885,-0.24866692486170708
3296.458,0,3.0,0.015587415499360185,0.0722207383222465,-0.26342446146482
3296.55,0,3.0,0.015507603282425881,0.07364743782423121,-0.26746512331997124
3296.651,0,3.0,0.013968789123040407,0.07505828552565351,-0.26708122394608175
3296.762,0,3.0,0.012824184918799107,0.07648177005164446,-0.2679178649113307
3296.861,0,3.0,0.013375507778061745,0.07780594532166864,-0.2735443592991912
3296.967,0,3.0,0.01522462158929232,0.07941975521013701,-0.28393313039828805
3297.065,0,3.0,0.016775835787548585,0.08106378711731603,-0.2935188687145938
3297.177,0,3.0,0.01658761216498429,0.08292159967979561,-0.2985276355343397
3297.286,0,3.0,0.014991976913489437,0.0845557251633648,-0.2986431062305627
3297.377,0,3.0,0.013702099025299926,0.08580261617466566,-0.29851414559989675
3297.478,0,3.0,0.013850990037856812,0.08720156616849074,-0.3031576686190427
3297.581,0,3.0,0.015229131282297394,0.08877016669056838,-0.31199789391859734
3297.682,0,3.0,0.016763364083942855,0.09046326646304088,-0.32167989164095123
3297.775,0,3.0,0.017572140784401787,0.09209747555599555,-0.329008849021192
3297.887,0,3.0,0.017803638104628913,0.09409148302371541,-0.33568536338503296
3297.992,0,3.0,0.017919614282725597,0.09597304252340193,-0.34167797041838255
3298.087,0,3.0,0.01692006578214676,0.09758044877270249,-0.3435015436645477
3298.184,0,3.0,0.015785684728129103,0.09911166019133429,-0.34469203475839016
3298.292,0,3.0,0.0158826518182898,0.10082698658770513,-0.3501289152179848
3298.395,0,3.0,0.01562808395023306,0.10243667923458015,-0.3541942895544396
3298.504,0,3.0,0.015016451494914084,0.10407347244752464,-0.3572697718273162
3298.598,0,3.0,0.014541864034381602,0.10544040766675726,-0.3599468151034166
3298.704,0,3.0,0.014661044496906642,0.10699447838343261,-0.36496656864101773
3298.8,0,3.0,0.015140746734056021,0.10844799006990204,-0.3707662104118742
3298.911,0,3.0,0.016054880636333632,0.11023008182053308,-0.37885488737060014
3299.01,0,3.0,0.017094769996991895,0.11192246405023802,-0.3870517021416897
3299.109,0,3.0,0.016325825357288336,0.11353872076060477,-0.38959363835367933
3299.198,0,3.0,0.014276290436998428,0.1148093106094968,-0.3872568031394857
3299.313,0,3.0,0.012945670115809058,0.1162980626728179,-0.3877311983658809
3299.416,0,3.0,0.007269878354062611,0.11704686014328684,-0.3729502154920483
3299.519,0,3.0,-0.007131014948920908,0.11631236560355075,-0.3275440519638895
3299.619,0,3.0,-0.01280589199178318,0.11503177640436778,-0.30667765323775376
3299.722,0,3.0,-0.01748316452626055,0.1132310104581618,-0.2872435377957037
3299.819,0,3.0,-0.00447366892858697,0.11279706457208998,-0.324970186930509
3299.928,0,3.0,0.013198990166234903,0.11423575450020858,-0.38230423399933045
3300.027,0,3.0,0.02491962288062779,0.11670279716539471,-0.42486726013806747
3300.132,0,3.0,0.02562262004044067,0.11939317226964145,-0.43504737693024637
3300.229,0,3.0,0.018448745600293075,0.12118270059286533,-0.4188943385794752
3300.341,0,3.0,0.011562058829857745,0.12247765118181032,-0.4021191300350042
3300.435,0,3.0,0.00918768901427844,0.12334129394915296,-0.3975869488902942
3300.535,0,3.0,0.011379378500051596,0.12447923179915708,-0.40757583089762606
3300.632,0,3.0,0.014312199764712333,0.12586751517633715,-0.42053914482314847
3300.745,0,3.0,0.01512403664928496,0.12757653131770375,-0.42810170390096614
3300.844,0,3.0,0.012951750648110954,0.1288587546318688,-0.42543151583993927
3300.944,0,3.0,0.010099031748204977,0.12986865780668838,-0.4199030686646801
3301.044,0,3.0,0.008735811026583428,0.13074223890934594,-0.4184341498077881
3301.157,0,3.0,0.009558895218162063,0.13182239406900098,-0.4241438678614891
3301.245,0,3.0,0.011111790397477053,0.13280023162397603,-0.4317360660643592
3301.359,0,3.0,0.01182437282199225,0.1341482101256835,-0.43791774884302725
3301.451,0,3.0,0.01122013913032397,0.13518046292567443,-0.4392018061679952
3301.557,0,3.0,0.010140267951805365,0.13625533132856343,-0.43918679784110637
3301.655,0,3.0,0.008397778829475388,0.13707831365385548,-0.4364282774499926
3301.76,0,3.0,0.007169076519102645,0.13783106668836137,-0.43500042962239205
3301.87,0,3.0,0.007057483069934845,0.13860738982605192,-0.4369946186879603
3301.971,0,3.0,0.007788777569747814,0.13939405636059732,-0.4415485017910354
3302.065,0,3.0,0.008447312719400803,0.14018810375622143,-0.4459062494268667
3302.17,0,3.0,0.0021882973925308694,0.14041787498243719,-0.42781851712490415
3302.268,0,3.0,-0.01449392794950096,0.13899747004338675,-0.3735106262816574
3302.375,0,3.0,-0.015904174431894822,0.13729572337917445,-0.36417464684183887
3302.476,0,3.0,-0.0033129925905419173,0.13696111112752934,-0.4009443556109623
3302.57,0,3.0,0.01086805206750789,0.13798270802187562,-0.4465522802681505
3302.671,0,3.0,0.018033021161522177,0.1398040431591832,-0.4735111929621162
3302.788,0,3.0,0.016362753459286575,0.14171848531392284,-0.47424371631962825
3302.88,0,3.0,0.00921017916297815,0.14256582179691774,-0.45532800287968767
3302.986,0,3.0,0.002643693585657264,0.1428460533169968,-0.43646924070796217
3303.086,0,3.0,0.0007313749376055357,0.14291919081075727,-0.4309516972450884
3303.182,0,3.0,0.003303588476452981,0.14323633530449675,-0.4396197713428492
3303.286,0,3.0,0.006948666033859582,0.14395899657202005,-0.45272298781763887
3303.386,0,3.0,0.008446363984434647,0.14480363297046273,-0.4597499908646921
3303.49,0,3.0,0.007416423050930612,0.14557494096775814,-0.45897409205606626
3303.59,0,3.0,0.005609723920416578,0.14613591335980186,-0.4552369118406553
3303.706,0,3.0,0.0043965463504940065,0.1466459127364591,-0.45312737726085933
3303.798,0,3.0,-0.002177580152158989,0.14644557536246128,-0.4328039856309069
3303.906,0,3.0,-0.018265578278006723,0.14447289290843335,-0.3786219438912799
3303.999,0,3.0,-0.01774820089406148,0.14282231022528835,-0.3752223279936806
3304.098,0,3.0,-0.0071409751968230725,0.14211535368080175,-0.40492313545193603
3304.216,0,3.0,0.005911083900558197,0.14281286158106726,-0.4461718364448764
3304.31,0,3.0,0.013921497171933812,0.14412148231522975,-0.4741289384614907
3304.414,0,3.0,0.012244983566823945,0.14539496060618273,-0.47291983251902003
3304.513,0,3.0,0.005385529008186633,0.1459281279779916,-0.4539409709585347
3304.605,0,3.0,-0.0004582523490548152,0.14588596876187848,-0.436283149238471
3304.72,0,3.0,-0.001713549233051278,0.14568891060007794,-0.43192608410107997
3304.816,0,3.0,0.0013867106221405916,0.14582203481980344,-0.4416262363258321
3304.927,0,3.0,0.0049583826532596156,0.14637241529431688,-0.4539923938427295
3305.017,0,3.0,0.0061174172425522795,0.1469229828461447,-0.45912120026609093
3305.13,0,3.0,0.004579937823085607,0.14744051582015466,-0.4560613609297208
3305.227,0,3.0,0.0017612664497005043,0.14761135866577518,-0.44811787534642705
3305.335,0,3.0,0.00039687615544441477,0.14765422129056327,-0.44415329233802303
3305.434,0,3.0,0.0004920580396775098,0.1477029350364914,-0.4445849792285067
3305.54,0,3.0,0.0020553367906211476,0.14792080073629676,-0.4499284125807537
3305.636,0,3.0,0.0027287192303141767,0.14818275778240692,-0.4527344310381633
3305.737,0,3.0,0.0019197411006037545,0.1483766516335681,-0.4508891782025156
3305.84,0,3.0,0.0003249252378208309,0.14841011893306366,-0.4462051325126535
3305.948,0,3.0,-0.0008237026015040078,0.14832115905210147,-0.44249236935179237
3306.052,0,3.0,-0.0008511076508250713,0.14823264385641544,-0.4421446086167711
3306.143,0,3.0,0.00023827461196312963,0.14825432684610407,-0.4454778043742016
3306.251,0,3.0,0.0013980001588835723,0.14840531086326375,-0.44940993306644195
3306.349,0,3.0,-0.0034923951312315744,0.14806305614040322,-0.4337119830275149
3306.455,0,3.0,-0.01915119483720402,0.14603302948766406,-0.3806455039513801
3306.556,0,3.0,-0.02030151049987607,0.1439825769271743,-0.3710431992818947
3306.653,0,3.0,-0.010114303728192199,0.14300148946554214,-0.3986615572120498
3306.759,0,3.0,0.002925714094113671,0.14331161515951885,-0.43871198776089754
3306.86,0,3.0,0.010492806590023177,0.1443713886251124,-0.46459258564540673
3306.965,0,3.0,0.009081847300238463,0.14532498259163762,-0.46322048967562823
3307.072,0,3.0,0.0029436487238224764,0.14563995300508653,-0.44575080518672705
3307.161,0,3.0,-0.0027997280101790148,0.14539077721218074,-0.4277731476060052
3307.276,0,3.0,-0.004373495541159473,0.14488782522494836,-0.42154298905136667
3307.365,0,3.0,-0.0017187170541131654,0.14473485940713238,-0.42904842705905766
3307.473,0,3.0,0.0020470319134438236,0.14495593885378466,-0.44100891230168543
3307.567,0,3.0,0.0036699022680711578,0.14530090966698356,-0.44691243580516415
3307.675,0,3.0,0.002930502281202001,0.14561740391335387,-0.44564371858366764
3307.778,0,3.0,0.0007553545360030531,0.1456952054305619,-0.4393516798996949
3307.872,0,3.0,-0.0014199507739464693,0.14556173005781087,-0.4324253378515932
3307.978,0,3.0,-0.002189607685020676,0.14532963164319818,-0.4294200718745325
3308.084,0,3.0,-0.0014095317379879692,0.1451802212789718,-0.43131206862295146
3308.188,0,3.0,0.00016123014879785514,0.1451969892144468,-0.43607465808973395
3308.285,0,3.0,0.00132232735384985,0.14532525496776988,-0.4399427469648592
3308.395,0,3.0,0.0007690880520936483,0.14540985465350026,-0.43853682811678174
3308.494,0,3.0,-0.0008966176390206576,0.14532108950723704,-0.43327341560464916
3308.592,0,3.0,-0.0022483590624557148,0.14510075031911646,-0.4285571737699822
3308.69,0,3.0,-0.0023216991816789913,0.144873223799312,-0.427654573852899
3308.802,0,3.0,-0.00134897106381683,0.1447221390401644,-0.4301195039290427
3308.902,0,3.0,4.9689158413502305e-05,0.14472710795600574,-0.43433039134325774
3309.01,0,3.0,0.0008440178975482571,0.1448182618889411,-0.436986839359468
3309.113,0,3.0,0.00018146276679948726,0.14483695255392137,-0.43505524596216255
3309.204,0,3.0,-0.0010361530482164002,0.1447426626265333,-0.4311195287349507
3309.312,0,3.0,-0.0016224479416651724,0.1445674382488339,-0.42883497092150613
3309.408,0,3.0,-0.0019026783524453113,0.14438478112699915,-0.42744630832366154
3309.522,0,3.0,-0.0018046217772956837,0.14417905424438737,-0.4271232974012751
3309.616,0,3.0,-0.0014762348631496508,0.14404028816725123,-0.42769215991230475
3309.725,0,3.0,-0.0011734110683528402,0.14391238636080084,-0.428216925877344
3309.819,0,3.0,-0.00814530266919583,0.14314672790989602,-0.40500427572210057
3309.914,0,3.0,-0.021097749938079648,0.14114244166577306,-0.3601340751830802
3310.023,0,3.0,-0.01920584942041591,0.1390490040789492,-0.3595294639755999
3310.124,0,3.0,-0.007421377710144182,0.13829944493022717,-0.392634201660249
3310.23,0,3.0,0.005000217582932504,0.13882946799401913,-0.4314890567308549
3310.329,0,3.0,0.01052933182430557,0.13987187184462707,-0.4512036110067979
3310.424,0,3.0,0.00836157406032525,0.14066622138035628,-0.4470833863220446
3310.525,0,3.0,0.0023953271669673332,0.14090814942422025,-0.42991042977356275
3310.632,0,3.0,-0.003232975625023937,0.14056222103234278,-0.41198773622195656
3310.732,0,3.0,-0.005883236362754149,0.13997389739606791,-0.4022719830999413
3310.843,0,3.0,-0.004297338982843717,0.1394968927689728,-0.4055986613583873
3310.932,0,3.0,-0.0008818667321772307,0.1394184066298091,-0.41560961969289556
3311.039,0,3.0,-0.00466632462075087,0.13891910989538675,-0.4027583558239076
3311.139,0,3.0,-0.016496413020603656,0.1372694685933279,-0.3623191667181727
3311.247,0,3.0,-0.016409474317871924,0.1354972453670023,-0.3572633131473911
3311.354,0,3.0,-0.007951611859808428,0.13464642289800305,-0.38008443311458384
3311.453,0,3.0,0.0022328680974508675,0.13486747683965106,-0.41130103481130575
3311.569,0,3.0,0.008950598370507408,0.1359057462506298,-0.4345690338634116
3311.697,0,3.0,0.0056918632815800545,0.13663430475067295,-0.426978504096759
3311.814,0,3.0,0.0011886933416158246,0.13677338187164167,-0.4138862256397725
3311.909,0,3.0,-0.0023091746040531796,0.136554010284256,-0.4027345070406085
3312.006,0,3.0,-0.0036081842726645393,0.13620401640980845,-0.39778749641143174
3312.11,0,3.0,-0.0027376706406935787,0.1359192986631756,-0.39954488406744604
3312.225,0,3.0,-0.0007434516619858684,0.1358338017220474,-0.4052710501801846
3312.318,0,3.0,0.0010722172441424214,0.13593351792575298,-0.4110172055096862
3312.422,0,3.0,0.0019007324285390485,0.1361311940983207,-0.41409577958057925
3312.522,0,3.0,0.001854095200097271,0.13631660361833026,-0.4145120964552826
3312.627,0,3.0,0.0010048527459255079,0.13642211315665248,-0.41228089770773396
3312.72,0,3.0,-9.244153230054203e-05,0.13641351609414853,-0.408963223685544
3312.823,0,3.0,-0.0006602923875412709,0.13634550597823175,-0.40705564077207146
3312.932,0,3.0,-0.000799392672509412,0.13625837217692827,-0.40637693851325657
3313.026,0,3.0,-0.0006621292669823512,0.13619613202583192,-0.4066020082765487
3313.131,0,3.0,-0.00022525620872079934,0.13617248012391625,-0.40784167174558633
3313.233,0,3.0,6.5682182026032e-05,0.1361791797064829,-0.40873458566552684
3313.341,0,3.0,0.0002352529971958914,0.13620458703018,-0.40931952008212774
3313.433,0,3.0,6.641349630362004e-05,0.13621069707183997,-0.40883133170443076
3313.538,0,3.0,-0.0003558657940878107,0.13617333116346075,-0.40745239610811884
3313.639,0,3.0,-0.0007699146533391924,0.13609556978347342,-0.4059769653904027
3313.745,0,3.0,-0.0009685987229373775,0.13599289831884231,-0.4050728987877148
3313.857,0,3.0,-0.000911646222910621,0.13589079394187625,-0.4049374431568969
3313.945,0,3.0,-0.0005138672021163829,0.1358455736280899,-0.4059951192779206
3314.038,0,3.0,-0.00017647933075613827,0.1358291610503296,-0.4069580451587204
3314.159,0,3.0,-0.00010982610604049176,0.1358158720914987,-0.40711813795637464
3314.253,0,3.0,-0.0003033517373619707,0.13578735702818667,-0.4064520158724741
3314.354,0,3.0,-0.0005856426872867298,0.13572820711677092,-0.4054276932884526
3314.458,0,3.0,-0.0008003483665147829,0.13564497088665317,-0.40453386756041515
3314.56,0,3.0,-0.0008585782465125256,0.13555739590550903,-0.4040964529769895
3314.655,0,3.0,-0.0007793945518314614,0.13548335342308482,-0.4041118766137601
3314.764,0,3.0,-0.0006386354416402921,0.13541374215994606,-0.4043253201549173
3314.873,0,3.0,-0.0005188351941485694,0.13535718912378392,-0.40451506178890606
3314.973,0,3.0,-0.0004737582157867346,0.13530981330220526,-0.4045081652592556
3315.08,0,3.0,-0.0005024189975830407,0.13525605446946387,-0.4042609064156425
3315.171,0,3.0,-0.000581762430055619,0.13520311408832886,-0.4038640549748197
3315.263,0,3.0,-0.0006613765756317339,0.13514226744337066,-0.40344267260321676
3315.378,0,3.0,-0.0007096375811790787,0.13506065912153492,-0.40305306462106755
3315.479,0,3.0,-0.0007157030679251164,0.13498837311167472,-0.4028180101312488
3315.581,0,3.0,-0.0005386840360678932,0.13493342733999564,-0.4031842299117832
3315.679,0,3.0,-0.015006066137213014,0.13346283285854943,-0.3553703001640093
3315.784,0,3.0,-0.019734419665354316,0.13139071879368686,-0.33496889738499763
3315.885,0,3.0,-0.02704580773284711,0.12865909221266625,-0.3048398534394574
3315.995,0,3.0,-0.019746102962737308,0.1264870208867716,-0.3202227537721029
3316.093,0,3.0,-0.001322984363124149,0.1263573684191855,-0.375103152168184
3316.187,0,3.0,0.013354619240609189,0.12761270262780344,-0.4229019656052379
3316.293,0,3.0,0.006689347936155216,0.1283217735090374,-0.40503336433557785
3316.396,0,3.0,-0.002904879310419496,0.12802257094006397,-0.37535307488893344
3316.506,0,3.0,-0.00667625738813496,0.1272881826273713,-0.361835775717709
3316.597,0,3.0,-0.0036594536610375338,0.1269551723442156,-0.3698871560495342
3316.71,0,3.0,-0.013562817760340266,0.1254225739372995,-0.3355792685308777
3316.811,0,3.0,-0.01712590632676762,0.12369285739829403,-0.3197008532145792
3316.917,0,3.0,-0.01243210059332713,0.12237505473540425,-0.3298288624262314
3317.006,0,3.0,-0.004821112263231411,0.12194597574397692,-0.3513745904422365
3317.109,0,3.0,-0.0010086594324696747,0.12184208382243247,-0.3625002731698884
3317.214,0,3.0,-0.003036662752643682,0.12152323423340483,-0.35545971444228347
3317.319,0,3.0,-0.009238363049593771,0.12055320611319731,-0.33394452919081064
3317.419,0,3.0,-0.015369641646365726,0.11901624194856214,-0.31093980090658924
3317.525,0,3.0,-0.018807149035032375,0.11702268415084455,-0.29464660534743653
3317.629,0,3.0,-0.018400309392977626,0.11510905197397828,-0.290126227743002
3317.72,0,3.0,-0.01733669639989746,0.11353141260158944,-0.288584148605076
3317.824,0,3.0,-0.01803717144080789,0.11165554677174055,-0.280855125992798
3317.926,0,3.0,-0.01924148273524803,0.1096929155327479,-0.27135429839249964
3318.022,0,3.0,-0.021776119474802996,0.10760240806316673,-0.2574788657650912
3318.133,0,3.0,-0.0236384848870503,0.10497853624070708,-0.24402015406097033
3318.239,0,3.0,-0.024687710972312465,0.10236163887763647,-0.233021783715972
3318.335,0,3.0,-0.025223280605894738,0.09994020393947048,-0.22415077000072725
3318.436,0,3.0,-0.024559489511731588,0.0974596954987828,-0.21870061796115364
3318.544,0,3.0,-0.022864891997786067,0.09499028716302832,-0.21637618549572676
3318.636,0,3.0,-0.020498487358789074,0.0931044263260177,-0.21781781690168592
3318.742,0,3.0,-0.017853073321104158,0.09121200055397671,-0.22007678169861766
3318.845,0,3.0,-0.014887378757353282,0.08967860054197513,-0.22437366535386555
3318.943,0,3.0,-0.01191180402329746,0.08851124374768707,-0.22979831917316884
3319.052,0,3.0,-0.009309570786588593,0.08749650053194963,-0.23456078923608312
3319.15,0,3.0,-0.007368863319340439,0.08677435192665459,-0.23821646582194242
3319.25,0,3.0,-0.0159156495849101,0.08518278696816503,-0.20780141214976477
3319.357,0,3.0,-0.019237531065672487,0.08312437114413865,-0.19166052023539848
3319.455,0,3.0,-0.013252639286263425,0.0818256124940854,-0.20571891962346595
3319.554,0,3.0,-0.002875250828104427,0.08154096266210262,-0.23599713550199458
3319.651,0,3.0,0.004320999002373583,0.08196009956533179,-0.2588432957031161
3319.772,0,3.0,0.004881580161903901,0.08255077076492262,-0.26229705278047954
3319.866,0,3.0,-0.001308675293096506,0.08242775528737148,-0.2433572399828249
3319.967,0,3.0,-0.006618883956934486,0.08175924800772036,-0.22542109215235762
3320.07,0,3.0,-0.008201363821224498,0.0809145075341337,-0.21813943113872764
3320.165,0,3.0,-0.005308292225658842,0.08041021977269719,-0.22530578264111503
3320.267,0,3.0,-0.0014508980011302894,0.0802622281765821,-0.23643399052635544
3320.376,0,3.0,-0.0001426092378385241,0.08024668376965766,-0.2403122235954574
3320.477,0,3.0,-0.012088284406124646,0.0790257670446432,-0.20081244791555566
3320.578,0,3.0,-0.030315381568258387,0.07596391350624568,-0.13694559581396187
3320.681,0,3.0,-0.028898663809013566,0.07298735113391538,-0.13226606197470547
3320.785,0,3.0,-0.010808588024640034,0.07186325797935483,-0.18316400986414438
3320.884,0,3.0,0.010534256465662837,0.07290614936945713,-0.2503212175053599
3320.986,0,3.0,0.019308459787334475,0.07487561226776257,-0.28255221616529114
3321.098,0,3.0,0.00969834624802856,0.07596182704754254,-0.2569805198867133
3321.194,0,3.0,-0.007199854916934708,0.07527064097551678,-0.2042123581757462
3321.291,0,3.0,-0.016715434770465387,0.07364924380277818,-0.17080142709693838
3321.397,0,3.0,-0.01443946951591978,0.07211866003409403,-0.17303757155452276
3321.499,0,3.0,-0.0036949333907032055,0.07174177682824281,-0.20414053031261883
3321.595,0,3.0,0.005428875191449697,0.07226294884662202,-0.23307547211421514
3321.697,0,3.0,-0.0013392882288884656,0.07212634144727498,-0.21236115965515953
3321.795,0,3.0,-0.01089447682436457,0.07105868271848773,-0.18049261768236946
3321.912,0,3.0,-0.013673769758349885,0.06945885165676441,-0.16735524569524357
3322.01,0,3.0,-0.00809795513529055,0.0686652520535026,-0.18170189075463616
3322.111,0,3.0,7.282156945763854e-05,0.0686726070320178,-0.20623628580442632
3322.209,0,3.0,0.004077378226665622,0.06907219009823085,-0.2194487049746894
3322.314,0,3.0,0.0005730327112163637,0.06913235853290858,-0.20911617373237484
3322.407,0,3.0,-0.006185345250810837,0.06855712142458131,-0.18711532852131144
3322.517,0,3.0,-0.010843842186170814,0.06736429878410607,-0.1695613697938058
3322.628,0,3.0,-0.010275592222679271,0.06622370804738528,-0.16784434747411803
3322.724,0,3.0,-0.005762652248694177,0.06567049343151063,-0.17972352354844937
3322.816,0,3.0,-0.0014422033764872175,0.0655378107208743,-0.19228682203316128
3322.926,0,3.0,-0.0012982272401392604,0.06539500572445883,-0.1922903354529587
3323.034,0,3.0,-0.012180230728522432,0.06407954080577627,-0.1556979302317615
3323.128,0,3.0,-0.01860197573761862,0.062330955086439176,-0.13118693804646167
3323.225,0,3.0,-0.01503285967505654,0.06087276769796241,-0.13751972406871762
3323.336,0,3.0,-0.004467587930470762,0.060376865437680706,-0.16772783252162984
3323.434,0,3.0,0.002982529732370982,0.06066915335145429,-0.19095504925147583
3323.535,0,3.0,0.0019357863936205547,0.0608646677772093,-0.18840136251248957
3323.637,0,3.0,-0.005472661472041246,0.060306456307059365,-0.16450138450505436
3323.745,0,3.0,-0.012524935324703746,0.05895376329199487,-0.13928648390187337
3323.838,0,3.0,-0.013696142287224659,0.05768002205927884,-0.13195163931616255
3323.941,0,3.0,-0.008923842995970451,0.05676086623069736,-0.1435110697041807
3324.044,0,3.0,-0.0036654058403805738,0.056383329429137916,-0.15815377076627202
3324.154,0,3.0,-0.0023066355474479815,0.05612959951891834,-0.1614688919144111
3324.255,0,3.0,-0.005047583118995564,0.055619793623899225,-0.15171663151471096
3324.355,0,3.0,-0.009350795642187423,0.05468471405968134,-0.13600175525248176
3324.453,0,3.0,-0.011094116415094241,0.05359749065100258,-0.12751012270772502
3324.556,0,3.0,-0.00920655990823674,0.05264921498045359,-0.13032796521665055
3324.655,0,3.0,-0.00620083147860151,0.05203533266407105,-0.1375035035564086
3324.756,0,3.0,-0.0051128560843728445,0.05151893419955114,-0.1392182343455349
3324.857,0,3.0,-0.006886852141890794,0.05082336213321939,-0.1318095299739858
3324.971,0,3.0,-0.009318019379381749,0.049761107923969566,-0.12132926563376345
3325.064,0,3.0,-0.010119388982894221,0.04882000474856195,-0.11610184729700317
3325.168,0,3.0,-0.00885035540174184,0.04789956778677841,-0.11714763715510973
3325.27,0,3.0,-0.007054181457638512,0.04718004127810026,-0.12037757946138522
3325.364,0,3.0,-0.006566493339531231,0.046562790904183984,-0.11998889269395827
3325.472,0,3.0,-0.007754242996512079,0.04572533266055932,-0.11391326899214171
3325.575,0,3.0,-0.009299652229270497,0.04476746848094808,-0.10640344875503273
3325.67,0,3.0,-0.013035133117098193,0.043529130834820434,-0.09148199315316673
3325.775,0,3.0,-0.012914360801654118,0.04217312295064651,-0.08777628644697719
3325.871,0,3.0,-0.009507006297411833,0.04126045034609495,-0.09526033214604934
3325.99,0,3.0,-0.006458143539012242,0.04049193126495451,-0.10210136317782681
3326.088,0,3.0,-0.0056931237745497295,0.0399340051350463,-0.10272264408148972
3326.197,0,3.0,-0.007241163454293145,0.03914471831852891,-0.09571066459270729
3326.297,0,3.0,-0.009435454480988776,0.038201172870430886,-0.08629715516832633
3326.389,0,3.0,-0.010091046492987452,0.037272796593075044,-0.08154525030026277
3326.499,0,3.0,-0.009374731744599485,0.036241576101172165,-0.08060053306971804
3326.6,0,3.0,-0.008605038962737715,0.03537246716593469,-0.08030228460959092
3326.698,0,3.0,-0.008377241308789387,0.034551497517673696,-0.07852276862665293
3326.804,0,3.0,-0.008460004490977039,0.033654737041628247,-0.07558419765195362
3326.904,0,3.0,-0.00869164657623176,0.03278557238400587,-0.07228177742332233
3327.007,0,3.0,-0.00890189945953292,0.03186867673967339,-0.06890033184042141
3327.097,0,3.0,-0.008506817785935478,0.03110306313893796,-0.06778873605900744
3327.219,0,3.0,-0.008775348221881816,0.030032470655869753,-0.06377136730196381
3327.313,0,3.0,-0.009851791181518793,0.029106402284806487,-0.05776383330986308
3327.403,0,3.0,-0.009999136773862822,0.028206479975161923,-0.054622029603897296
3327.513,0,3.0,-0.009124749108863888,0.027202757573185736,-0.05423402539296554
3327.618,0,3.0,-0.008063001105443958,0.02635614245711397,-0.05487942405501004
3327.723,0,3.0,-0.0076478166368673176,0.025553121710242765,-0.053715915220126344
3327.824,0,3.0,-0.008491145119461318,0.024695516053176214,-0.04861311280114469
3327.926,0,3.0,-0.008254761759555454,0.023853530353702697,-0.04679630578244173
3328.023,0,3.0,-0.00801757001322066,0.023075826062418633,-0.04517476814759392
3328.125,0,3.0,-0.008124337352050589,0.022247143652510598,-0.04236841890138003
3328.232,0,3.0,-0.008869887613431854,0.02129806567787365,-0.03728453419332539
3328.333,0,3.0,-0.010018986746323,0.0202861480164939,-0.0308014838105127
3328.436,0,3.0,-0.010575369267463015,0.019196884981944516,-0.0258645471434445
3328.537,0,3.0,-0.009616188361625347,0.018225649957423644,-0.025828384787394888
3328.643,0,3.0,-0.007909276699759996,0.01738726662724733,-0.028433969782461998
3328.736,0,3.0,-0.006549873791460316,0.01677812836464252,-0.030684763719546614
3328.841,0,3.0,-0.006945042741281909,0.016048898876807792,-0.027311568406577648
3328.944,0,3.0,-0.00871947654232787,0.01515079279294745,-0.019293948751858737
3329.039,0,3.0,-0.010505303371650045,0.014152788972638022,-0.010942456802963928
3329.149,0,3.0,-0.010686062763632105,0.012977322068641987,-0.006873777915029647
3329.249,0,3.0,-0.009184329498433102,0.012058889118799512,-0.008623678861099226
3329.353,0,3.0,-0.007091505074699132,0.011321372591028892,-0.012689602548989286
3329.453,0,3.0,-0.0061785920134378326,0.01070351338968567,-0.013574764128743512
3329.556,0,3.0,-0.007167407887945204,0.009965270377226845,-0.008393587467844923
3329.661,0,3.0,-0.008970522725035457,0.00902336549109796,-0.00015852829818750747
3329.759,0,3.0,-0.009965296516115316,0.008046766432519094,0.0057555902507886655
3329.852,0,3.0,-0.009251879564192609,0.007186341633050595,0.006196613793426044
3329.961,0,3.0,-0.007905019125965557,0.006324694548320953,0.00474097373293381
3330.065,0,3.0,-0.007029956697124055,0.005593579051818159,0.004309132935917687
3330.167,0,3.0,-0.007208123786550899,0.004858350425590963,0.007049320082879812
3330.267,0,3.0,-0.008061068346328864,0.00405224359095881,0.01202647426611016
3330.373,0,3.0,-0.00851183034307933,0.003149989574590512,0.016085522305466456
3330.474,0,3.0,-0.0034242275583284973,0.0028041425911989474,0.00186025490138865
3330.583,0,3.0,-0.0014171777494286712,0.0026496702165113304,-0.0036974774012479786
3330.681,0,3.0,-0.005142861704192795,0.0021456697695006613,0.0089915758040764
3330.776,0,3.0,-0.010960927677191668,0.0011043816401696462,0.02956963811106607
3330.894,0,3.0,-0.013568837953924115,-0.0004967412383925602,0.04219673757695003
3330.982,0,3.0,-0.011256257207953506,-0.0014872918726946392,0.03823064724194443
3331.086,0,3.0,-0.00019097465026855605,-0.0015071532363225334,0.005094383659773268
3331.185,0,3.0,0.0047603347494765465,-0.0010358800961235933,-0.01117336396005886
3331.292,0,3.0,-0.0014691674315362281,-0.001193081011297927,0.007986745328502465
3331.395,0,3.0,-0.011518732259846063,-0.0023795104340628257,0.04169472808172667
3331.494,0,3.0,-0.01729160353405184,-0.004091379183936726,0.0641489481539657
3331.592,0,3.0,-0.013610305090329816,-0.005425189082788454,0.05710648251935481
3331.685,0,3.0,-0.005646685078237804,-0.005950330795063706,0.03479104761990453
3331.798,0,3.0,-0.001286811157165422,-0.006095740455823178,0.0221476548389658
3331.905,0,3.0,-0.0033078865092849175,-0.006449684312318073,0.029272712464808975
3332.01,0,3.0,-0.008705063544067713,-0.007363715984445341,0.04820633858553916
3332.106,0,3.0,-0.011145827099367036,-0.008433715385984617,0.05873862745605496
3332.201,0,3.0,-0.008709063454744675,-0.009261076414183618,0.05391041960678488
3332.311,0,3.0,-0.0052989374546288165,-0.009843959534193463,0.04542869096646684
3332.412,0,3.0,-0.004526247442198882,-0.010301110525854001,0.04448207390415865
3332.508,0,3.0,-0.007178765275649079,-0.01099027199231634,0.05450711180389626
3332.626,0,3.0,-0.009737280889871608,-0.012139271137325016,0.06562965608158987
3332.72,0,3.0,-0.009053454210659442,-0.012990295833123347,0.06613125013134837
3332.825,0,3.0,-0.005519134029952056,-0.013569804906268412,0.0572668168086614
3332.924,0,3.0,-0.0026551734784837585,-0.013832667080638728,0.049463521677367464
3333.018,0,3.0,-0.0032698562253467792,-0.014140033565821494,0.05222966937350482
3333.119,0,3.0,-0.006948723505527029,-0.014841854639880508,0.0653717344362226
3333.22,0,3.0,-0.010203924263615893,-0.01587245099050222,0.07822912576235434
3333.333,0,3.0,-0.009816730723001262,-0.01698174156220415,0.08039541685561623
3333.429,0,3.0,-0.006058200807501127,-0.017563328839724283,0.07086458894167623
3333.537,0,3.0,-0.0023351810314369194,-0.01781552839111882,0.060452128267667216
3333.64,0,3.0,-0.002149569040997225,-0.018036934002341676,0.06055950913001671
3333.73,0,3.0,-0.005660232390984848,-0.01854635491753114,0.07261976192554796
3333.84,0,3.0,-0.008961210142101531,-0.01953208803316345,0.08547989452579495
3333.935,0,3.0,-0.0085883329569499,-0.02034797966407197,0.08680893786306562
3334.03,0,3.0,-0.005595660957193797,-0.020879567455006808,0.07942568523660182
3334.141,0,3.0,-0.002909700111823966,-0.021202544167418905,0.07233673283772862
3334.252,0,3.0,-0.0028799156831871096,-0.02152221480825232,0.07320639147431829
3334.35,0,3.0,-0.005548835918317086,-0.022066000728247156,0.08284450993969272
3334.444,0,3.0,-0.007647715586469017,-0.022784885993375633,0.09129780473953394
3334.549,0,3.0,-0.006816885787666733,-0.023500659001080764,0.09095263436624249
3334.659,0,3.0,-0.004473913932865919,-0.023992789533696584,0.0854001103996875
3334.756,0,3.0,-0.0028505979817856626,-0.02426929753792909,0.08135968655914426
3334.86,0,3.0,-0.0036855958368176064,-0.02465259950495911,0.08501458602533014
3334.965,0,3.0,-0.00596521475179529,-0.025278947053897726,0.09373248541707904
3335.068,0,3.0,-0.007055048644206073,-0.026005617064251415,0.09918199712537246
3335.167,0,3.0,-0.005618615338820198,-0.026561859982792962,0.09654142596483947
3335.263,0,3.0,-0.0032542356977154235,-0.026874266609773653,0.09038550692246722
3335.371,0,3.0,-0.002384863269770496,-0.027131831842909283,0.08855008533803933
3335.466,0,3.0,-0.003734337533013379,-0.02748659390854481,0.09366279432467456
3335.573,0,3.0,-0.005618913082096224,-0.02808781760832894,0.10112019207127548
3335.66,0,3.0,-0.006125019327495129,-0.02862069428982095,0.10423714085194824
3335.779,0,3.0,-0.00493319718369099,-0.029207744754680878,0.1024228258151156
3335.883,0,3.0,-0.0030813718880153534,-0.0295282074310339,0.09782873795714776
3335.988,0,3.0,0.006252386876127995,-0.02887170680904035,0.06785795979873707
3336.09,0,3.0,0.007616678776339291,-0.02809480557385133,0.061434380392536125
3336.19,0,3.0,0.00025262768239578246,-0.028069542805611778,0.08345074536964799
3336.279,0,3.0,-0.009767738403803095,-0.028938871523549684,0.11611982978205834
3336.388,0,3.0,-0.014057673555748534,-0.0304711579411252,0.1335864944906212
3336.496,0,3.0,-0.00993651395744102,-0.031544301448530564,0.12444244621791474
3336.59,0,3.0,-0.002294350103719045,-0.03175997035828027,0.10216296138599795
3336.705,0,3.0,0.002909411279299054,-0.03142538806116151,0.08554793034558736
3336.796,0,3.0,0.0014823123805683296,-0.03129049763452995,0.08942455576188485
3336.902,0,3.0,-0.0038578478432713336,-0.031699429505917566,0.10667183204756671
3337.0,0,3.0,-0.007936765062575544,-0.032477232482049624,0.12124199263387551
3337.102,0,3.0,-0.007640140068714375,-0.03325652676905743,0.12269000051331541
3337.209,0,3.0,-0.004312670549783088,-0.0337179825178841,0.11409195920300155
3337.304,0,3.0,-0.0010226608463152372,-0.0338151352982843,0.10451338843379862
3337.413,0,3.0,-0.0008884788128138024,-0.03391197948888094,0.10440137490508421
3337.513,0,3.0,-0.0030652514849378787,-0.03421850463737445,0.11185126836693698
3337.617,0,3.0,-0.0052107527609495784,-0.03476042292451461,0.11991352705639255
3337.715,0,3.0,-0.005061346074283845,-0.0352564348397942,0.12095334274223414
3337.815,0,3.0,-0.003112234602709491,-0.03556765830006487,0.11603967870832309
3337.914,0,3.0,0.007621697774776284,-0.0348131102203608,0.08157423733675356
3338.024,0,3.0,0.010541770936217831,-0.033653515417380285,0.06933523344348735
3338.128,0,3.0,0.0022502015736364563,-0.03341949445372149,0.0935078786402551
3338.213,0,3.0,-0.009403966661932855,-0.03421883161998613,0.13086839484575696
3338.328,0,3.0,-0.01434249905470432,-0.035868219011273995,0.15063215419793496
3338.431,0,3.0,-0.00935742558922494,-0.03683203384696478,0.13856837830856916
3338.535,0,3.0,-0.0009594448418035619,-0.03693181611051218,0.11367378285694722
3338.637,0,3.0,0.004351596620294365,-0.03648795325524078,0.09640906990483925
3338.733,0,3.0,0.0023290094284984944,-0.036264368350104915,0.10180607676481927
3338.831,0,3.0,-0.00390995814315473,-0.03664754424813391,0.12167250717386593
3338.932,0,3.0,-0.008243472845606553,-0.03748013500553735,0.13717082355343174
3339.04,0,3.0,-0.007432271151438673,-0.03828282028989403,0.13714527432399812
3339.142,0,3.0,-0.0031747450211827405,-0.03860664428205423,0.1253441679097109
3339.244,0,3.0,0.0005455698087966774,-0.03855099616155679,0.11401627905828034
3339.354,0,3.0,0.0005665436006454933,-0.03848867636548597,0.11376639829452141
3339.452,0,3.0,-0.002441188715665833,-0.03872791285962222,0.12350730472586416
3339.553,0,3.0,-0.005006547040835395,-0.039233574110744886,0.13272036345474086
3339.661,0,3.0,-0.004855751568494024,-0.03975799528014309,0.13384124054591132
3339.755,0,3.0,-0.0025675430091162536,-0.03999934432300014,0.12770066199634916
3339.856,0,3.0,-0.0003959807408060611,-0.040039338377821594,0.12130595735588297
3339.964,0,3.0,-0.00030849324781896274,-0.040072655648585954,0.12114344668921476
3340.058,0,3.0,-0.0022910319291388646,-0.04028801264992512,0.12773713373719195
3340.178,0,3.0,-0.004241585880022473,-0.04079700295552736,0.1351157665066495
3340.312,0,3.0,-0.003285276449067671,-0.04123722999970247,0.1335675193463104
3340.422,0,3.0,-0.0013885358677326503,-0.04138996894515324,0.12833551443865768
3340.525,0,3.0,-9.942639009913269e-05,-0.04140020986333346,0.12449890876029779
3340.624,0,3.0,-0.0003772426413801075,-0.04143755688482998,0.12544439857863027
3340.714,0,3.0,-0.001978424277247535,-0.04161561506978254,0.13078211804109025
3340.832,0,3.0,-0.0034051567133995234,-0.04201742356196348,0.13626774082608903
3340.931,0,3.0,-0.0033910648100112578,-0.04235313897815513,0.13723261136449919
3341.031,0,3.0,-0.002171740962033397,-0.042570313074358275,0.134226162109175
3341.135,0,3.0,-0.0007701231050076463,-0.04265040587727927,0.13026158694686074
3341.23,0,3.0,-3.379576720375123e-05,-0.042653616475163615,0.1280622367271021
3341.338,0,3.0,0.0026906841047297752,-0.042363022591852324,0.11901701546136766
3341.443,0,3.0,0.008749432283282715,-0.04144433220210748,0.0980846997564743
3341.547,0,3.0,0.0063108816608405125,-0.04078800050938123,0.10343135654562216
3341.642,0,3.0,-0.0017487083419525729,-0.04095412780186638,0.12810850843145685
3341.748,0,3.0,-0.009715645778092327,-0.041983986254346316,0.15509889609731592
3341.853,0,3.0,-0.011891077226292495,-0.04323254936310724,0.1653708797681992
3341.954,0,3.0,-0.008301815687000513,-0.044071032747495235,0.15711854530348723
3342.058,0,3.0,-0.0025278066042568287,-0.044333924634337475,0.14058519371578293
3342.147,0,3.0,0.000998445087882154,-0.04424506302151602,0.1297398538009016
3342.256,0,3.0,-8.596988739753419e-05,-0.04425443373924235,0.13302121087991967
3342.357,0,3.0,-0.00369532351807673,-0.04462766141456851,0.14496895479793573
3342.456,0,3.0,-0.006951429535181627,-0.04531585293855261,0.1568018474212027
3342.559,0,3.0,-0.007002982112179919,-0.046037160096107595,0.15912042662486253
3342.661,0,3.0,-0.004787946644817543,-0.04652553065387833,0.1539404318960876
3342.768,0,3.0,-0.002697021664547292,-0.04681411197198481,0.1485334009095963
3342.862,0,3.0,-0.0023925887955243475,-0.04703901531876422,0.1482948123428657
3342.963,0,3.0,-0.0030326561726047516,-0.047345313592197645,0.15113390929440718
3343.066,0,3.0,0.0009166870837726658,-0.047250894822569424,0.1390026232163903
3343.178,0,3.0,0.011884375131401777,-0.045919844807851475,0.1021064090293491
3343.263,0,3.0,0.01329698242331194,-0.04478960130186948,0.09447785663567261
3343.38,0,3.0,0.0031113211351664343,-0.044425576729054415,0.12394276678166394
3343.479,0,3.0,-0.009267465041336327,-0.04534305576814398,0.1638315624284409
3343.583,0,3.0,-0.014329233682258148,-0.04683329607110268,0.1834875892600825
3343.69,0,3.0,-0.007060899739005531,-0.04758881234317607,0.1639491362465448
3343.791,0,3.0,0.004919620255743757,-0.0470919306973454,0.12651693132480493
3343.884,0,3.0,0.011440332981346057,-0.04602797973008197,0.10376294024620775
3343.989,0,3.0,0.008737501784609676,-0.0451105420426978,0.10911912077426439
3344.094,0,3.0,0.0032580458575495164,-0.044768447227655044,0.12453120411031657
3344.193,0,3.0,0.0008817186173889264,-0.0446811570845334,0.1313983154014334
3344.296,0,3.0,0.0033750108410992366,-0.0443335309679015,0.12287556038040678
3344.4,0,3.0,0.007544494894664068,-0.04354890349885441,0.10801322581257103
3344.5,0,3.0,0.009021401610114057,-0.04264676333784382,0.1008760851831893
3344.596,0,3.0,0.012373563964700789,-0.041458901197232494,0.08725601169759511
3344.7,0,3.0,0.040719812419063715,-0.03722404070565743,-0.010487315140218861
3344.808,0,3.0,0.059569178532802296,-0.030790569424104377,-0.08633582732609375
3344.908,0,3.0,0.060350748131993925,-0.024755494610910474,-0.10678576056325036
3345.014,0,3.0,0.045606043409986745,-0.019921254009441756,-0.07705436820163496
3345.109,0,3.0,0.023122522002754935,-0.017724614419184662,-0.016193722750710807
3345.216,0,3.0,0.005316823352548305,-0.01715571432046215,0.03551667290374154
3345.349,0,3.0,-0.0042112301864944855,-0.017715807935267034,0.06578111436528455
3345.467,0,3.0,0.0029807346753648605,-0.017364081243574168,0.04315003970462793
3345.567,0,3.0,0.014392872060403936,-0.015924794037535082,0.004595765931393436
3345.669,0,3.0,0.022150949759421917,-0.013665397162077108,-0.02545665779203443
3345.777,0,3.0,0.023074522412421222,-0.011173348741531586,-0.03570352101266891
3345.863,0,3.0,0.019571352909370808,-0.009490212391329897,-0.030243421554122733
3345.976,0,3.0,0.013370499370218144,-0.007979345962491453,-0.016173460223180072
3346.077,0,3.0,0.007468186747125968,-0.007225059101030889,-0.0007293829382852383
3346.173,0,3.0,0.004142214757120195,-0.00682740648434922,0.008055575181687074
3346.292,0,3.0,0.0032956898741703833,-0.006435219389322476,0.009418588545456278
3346.39,0,3.0,0.003691028453574441,-0.0060734986008723416,0.007147410441893702
3346.486,0,3.0,0.0043806009087831105,-0.005652960913629147,0.0038170800145381073
3346.589,0,3.0,0.004891959724201938,-0.005149089062036026,0.0007713880135022649
3346.693,0,3.0,0.005062526583539976,-0.0046225862973465065,-0.0013198208585804092
3346.794,0,3.0,0.004899148216817376,-0.0041277723274496265,-0.0023141276681032507
3346.891,0,3.0,0.004516613545946527,-0.003689660813491877,-0.002480858197363949
3347.0,0,3.0,0.00402912585531504,-0.0032504860952628457,-0.0023359192801565842
3347.103,0,3.0,0.0034647886065676927,-0.0028936128687861466,-0.00171352721334464
3347.201,0,3.0,0.002858015347217775,-0.0026135273647589297,-0.000733463947376535
3347.305,0,3.0,0.0023207724162037594,-0.0023721670334741693,0.00015418385181122964
3347.413,0,3.0,0.0019391019381694138,-0.0021627440241515344,0.0006709262579463618
3347.512,0,3.0,0.0016773778707962355,-0.001996683614942439,0.00095791723243861
3347.612,0,3.0,0.001501309878417622,-0.0018465526271008131,0.0010357282460495727
3347.714,0,3.0,0.0013571706353215716,-0.0017081212222982006,0.0010528517609298873
3347.814,0,3.0,0.0012150623155489457,-0.0015866149907434166,0.0011146580255834131
3347.916,0,3.0,0.0010813093902602997,-0.001476321432936524,0.0011850361280286723
3348.017,0,3.0,0.0009702194594586112,-0.0013783292675315362,0.0012243294242187753
3348.122,0,3.0,0.000872270225906054,-0.0012867408938113845,0.0012434120037159912
3348.216,0,3.0,0.0007733452086630461,-0.0012140464441970189,0.0013221037066019183
3348.317,0,3.0,0.0006833694857876005,-0.001145026126132394,0.0013849699210343805
3348.432,0,3.0,0.0005979648011625745,-0.0010762601739988283,0.0014348861185087612
3348.518,0,3.0,0.0005170993124772179,-0.0010317896331256634,0.0015440709619453366
3348.631,0,3.0,0.0004486347611634784,-0.0009810939051142671,0.0015973774318523662
3348.73,0,3.0,0.00038171060882162425,-0.0009433045548408652,0.0016847818380577228
3348.839,0,3.0,0.00031904591941187016,-0.0009085285496249957,0.0017684478906393767
3348.934,0,3.0,0.00027680592109506283,-0.0008822319871208942,0.0018162781980774938
3349.041,0,3.0,0.00025177736285480795,-0.0008552918092954371,0.0018105433393218872
3349.144,0,3.0,0.00022425877527596966,-0.0008321931554420995,0.0018238031404983895
3349.239,0,3.0,0.00019096851408624194,-0.0008140511466038578,0.0018692478975528475
