time,pos_x,pos_y
3219.112,-2.0,-2.0
3219.164,-2.0,-2.0
3219.213,-2.0,-2.0
3219.265,-2.0000000000000053,-1.9999999999999947
3219.316,-2.0000000000228217,-1.9999999999776752
3219.367,-2.0000000002996123,-1.9999999997097693
3219.418,-2.0000000016624826,-1.9999999983641057
3219.468,-2.000000005341102,-1.9999999946575984
3219.519,-2.0000000148906696,-1.999999985126318
3219.571,-2.000000032741426,-1.9999999673037734
3219.62,-2.000000065327201,-1.9999999347394117
3219.673,-2.0000001155197555,-1.9999998842036195
3219.723,-2.0000001967262406,-1.9999998034662387
3219.776,-2.0000003069933463,-1.999999693016574
3219.825,-2.000000474012433,-1.9999995261054664
3219.878,-2.0000006953287457,-1.9999993055826126
3219.928,-2.0000009953433335,-1.9999990057042418
3219.977,-2.0000013797700738,-1.999998621011101
3220.031,-2.0000018766782826,-1.99999812518723
3220.085,-2.00000246184378,-1.9999975404657135
3220.132,-2.0000032304388946,-1.9999967705323394
3220.182,-2.0000041343236328,-1.9999958687358597
3220.235,-2.000005252881541,-1.999994747962874
3220.285,-2.000006546874306,-1.999993451614833
3220.336,-2.0000081363023345,-1.9999918678881958
3220.385,-2.000009941345601,-1.9999900633096743
3220.438,-2.000012142217484,-1.9999878654645975
3220.489,-2.000014536722774,-1.999985451540496
3220.54,-2.0000174850648524,-1.9999825079722766
3220.591,-2.0000207522879005,-1.9999792535570082
3220.642,-2.0000245485850776,-1.9999754575319766
3220.694,-2.000028777189306,-1.9999712334690605
3220.745,-2.000033680576143,-1.9999663331028765
3220.795,-2.0000390176076697,-1.9999609947829018
3220.846,-2.0000452182515627,-1.9999547972474596
3220.896,-2.0000518592954792,-1.9999481610519134
3220.948,-2.0000595242845405,-1.9999404950873085
3220.999,-2.0000677423997524,-1.9999322578836152
3221.05,-2.0000772556099387,-1.9999227546845981
3221.103,-2.0000872775831815,-1.9999127323438872
3221.153,-2.0000987060142728,-1.9999013149513907
3221.202,-2.000110878799833,-1.9998891391104483
3221.253,-2.0001247030090736,-1.9998753158309437
3221.303,-2.000139205200127,-1.9998608302603802
3221.354,-2.0001555920263385,-1.9998444285475678
3221.407,-2.000172761207404,-1.9998272452562882
3221.458,-2.000192037143978,-1.9998079717343988
3221.509,-2.000212002303901,-1.9997880156424572
3221.557,-2.000234887448588,-1.9997651307817956
3221.611,-2.000258616214593,-1.999741395968212
3221.661,-2.0002852786758325,-1.9997147414906513
3221.713,-2.0003126432566853,-1.9996873434018454
3221.764,-2.0003429615575445,-1.9996570031832877
3221.813,-2.000374555922139,-1.9996254036646182
3221.866,-2.0004099272388576,-1.99959006095209
3221.917,-2.0004460936379425,-1.99955394769277
3221.968,-2.000486443192892,-1.999513602678975
3222.019,-2.000527800826126,-1.9994722724397485
3222.071,-2.0005736599441075,-1.9994263616809909
3222.121,-2.0006202145181677,-1.999379792976193
3222.172,-2.000672233192298,-1.9993278066879723
3222.224,-2.0007251639650536,-1.9992748024604883
3222.274,-2.000783903570082,-1.9992160577160925
3222.325,-2.0008440354765504,-1.9991559969404487
3222.379,-2.00091013318411,-1.9990899295866091
3222.426,-2.0009774197697197,-1.9990224146146227
3222.478,-2.0010520809967196,-1.9989478886749752
3222.529,-2.0011280151406825,-1.9988720503057709
3222.579,-2.0012109731405903,-1.9987891517508896
3222.63,-2.001294855360205,-1.9987052236534053
3222.683,-2.00138700790009,-1.9986130940903288
3222.732,-2.001480978539604,-1.9985192019187914
3222.783,-2.001583747656924,-1.9984164469371928
3222.836,-2.001687343327883,-1.9983128373648584
3222.885,-2.0018008083469097,-1.9981993053169635
3222.937,-2.0019156313828863,-1.9980845358050672
3222.988,-2.002041823131147,-1.9979583782775876
3223.038,-2.0021688762282412,-1.9978314242564164
3223.092,-2.0023071906149204,-1.9976931061548866
3223.141,-2.002446106238658,-1.9975542076676958
3223.193,-2.0025982399345668,-1.9974020119590647
3223.243,-2.0027515296446907,-1.9972487958477771
3223.293,-2.00291850429587,-1.997081905988371
3223.345,-2.0030858179870674,-1.9969144526853706
3223.396,-2.0032676377336656,-1.9967326926988702
3223.446,-2.003450565322892,-1.9965497593102228
3223.497,-2.003649807287959,-1.9963505647821493
3223.548,-2.0038500090899123,-1.9961504279912343
3223.601,-2.0040663634206335,-1.9959339872424768
3223.651,-2.004283360471884,-1.9957169823220104
3223.702,-2.0045186804858495,-1.9954815507881645
3223.753,-2.0047541584632143,-1.9952455852381028
3223.804,-2.005010439548562,-1.9949895297090998
3223.855,-2.005266296928563,-1.9947338616925618
3223.906,-2.0055427735395135,-1.9944574078653743
3223.957,-2.0058192577943013,-1.994180951120004
3224.01,-2.0061189729701994,-1.9938813011392182
3224.059,-2.0064179299144778,-1.9935824512147662
3224.11,-2.0067407221808806,-1.9932599249544047
3224.161,-2.0070629610941464,-1.9929377536923727
3224.211,-2.007411311831963,-1.992589572326127
3224.262,-2.0077587944586246,-1.9922422456473827
3224.313,-2.0081343796418887,-1.991866658943185
3224.364,-2.008507628663016,-1.991493429153904
3224.414,-2.008909794428495,-1.9910914869757574
3224.467,-2.009311106301154,-1.9906903569175172
3224.518,-2.00974375460536,-1.9902580192389259
3224.568,-2.0101753293581894,-1.989826839353368
3224.62,-2.0106398605024562,-1.9893628599028956
3224.67,-2.0111027717232663,-1.9889005289144477
3224.722,-2.0116000803026566,-1.9884039174530912
3224.773,-2.0120983027994503,-1.9879063467842353
3224.823,-2.0126508997781785,-1.9873556765375178
3224.874,-2.013217309867835,-1.9867908656079942
3224.925,-2.0138402405873155,-1.9861703195824612
3224.976,-2.0144800256636337,-1.9855327346759344
3225.028,-2.0151755916261203,-1.9848402083446162
3225.079,-2.0158908694568174,-1.984128365436949
3225.13,-2.0166666658560852,-1.9833566853289784
3225.181,-2.0174627286646922,-1.9825652783045273
3225.232,-2.0183187987126687,-1.9817143246405058
3225.283,-2.019197203147089,-1.9808412310193375
3225.333,-2.0201381974110326,-1.9799064908221813
3225.384,-2.021104034689633,-1.978947432648597
3225.436,-2.0221371559509786,-1.9779224303831975
3225.491,-2.023194444280631,-1.976875199902994
3225.533,-2.024317507844876,-1.9757623862755505
3225.588,-2.0254697741937324,-1.9746217553772676
3225.64,-2.0266880624949146,-1.9734163614985485
3225.69,-2.0279415297681886,-1.9721766793998763
3225.742,-2.0292639736648437,-1.9708697709190053
3225.793,-2.030619241180219,-1.9695322844060748
3225.844,-2.0320490977898156,-1.9681225974346166
3225.893,-2.033507305572659,-1.9666855353561843
3225.946,-2.0350419480009774,-1.9651731575948568
3225.997,-2.036615907612714,-1.9636247548733086
3226.046,-2.0382731805596825,-1.9619975611430707
3226.098,-2.039961861651923,-1.9603404514272609
3226.15,-2.0417260981613503,-1.9586094341231826
3226.198,-2.0435375544870595,-1.9568361408982347
3226.253,-2.0454315990888867,-1.9549827198342387
3226.306,-2.047369098750637,-1.9530903961495414
3226.354,-2.0493893449017953,-1.9511183603434565
3226.405,-2.051457808274878,-1.949103791923451
3226.456,-2.0536109866571235,-1.9470086509698337
3226.507,-2.0558094575624035,-1.9448722788878525
3226.558,-2.0580997799382943,-1.9426504031602294
3226.609,-2.060443832928297,-1.9403795532306947
3226.661,-2.062877003632425,-1.9380246946297355
3226.711,-2.0653658392696403,-1.9356220922941554
3226.762,-2.067946894326106,-1.9331335750507728
3226.813,-2.0705793283210947,-1.9306004663656455
3226.864,-2.0733105396134275,-1.9279764899180605
3226.913,-2.076097606971396,-1.9253049421976034
3226.965,-2.0789823353369603,-1.9225444514801149
3227.017,-2.0819310703878813,-1.9197279286414506
3227.067,-2.0849858705276607,-1.916815498649857
3227.12,-2.0880938011882804,-1.9138576842908268
3227.171,-2.091312374945611,-1.9108015698267753
3227.22,-2.0946041882428155,-1.9076857958333011
3227.272,-2.0979972744635584,-1.904479794012902
3227.323,-2.101465874446946,-1.9012115328284014
3227.373,-2.1050387963077006,-1.8978499716388257
3227.425,-2.1086842731594415,-1.8944300786767507
3227.476,-2.112443564701777,-1.8909120544155782
3227.527,-2.1162739456008857,-1.8873361105808113
3227.578,-2.120220399877596,-1.8836606938028293
3227.634,-2.124242284231397,-1.8799268897301462
3227.677,-2.1283826075288155,-1.8760924011419122
3227.73,-2.132605732691327,-1.872192583248188
3227.782,-2.1369459568073492,-1.8681955856114718
3227.833,-2.141361972320683,-1.8641415447913612
3227.884,-2.1459034920750604,-1.859981898074642
3227.94,-2.1505274118575985,-1.855761743278871
3227.986,-2.1552645481115977,-1.8514472134823028
3228.037,-2.160102218715637,-1.8470603557611858
3228.087,-2.1650717650443885,-1.8425665017521284
3228.14,-2.170132490262088,-1.8380065438893085
3228.189,-2.175318669118635,-1.833345968184216
3228.24,-2.1805948699451565,-1.8286238949069364
3228.292,-2.1860056577810165,-1.8237968101528133
3228.343,-2.1915069783007346,-1.818906270570062
3228.396,-2.1971423139334796,-1.8139139272077887
3228.445,-2.2028810221322965,-1.8088507461082437
3228.501,-2.208750243939325,-1.803687834140381
3228.547,-2.2147149435099482,-1.7984616657755736
3228.598,-2.2208306411063834,-1.7931242868647193
3228.649,-2.2270448936382934,-1.7877250076464477
3228.7,-2.233406468021233,-1.7822181091378724
3228.748,-2.2398632437745545,-1.776651690622353
3228.799,-2.2464705299578314,-1.7709795273852258
3228.852,-2.2531837794459797,-1.7652442791921266
3228.902,-2.260036862245499,-1.7594096826224148
3228.955,-2.266994390796655,-1.7535137571742045
3229.006,-2.274098192263042,-1.7475185149765
3229.056,-2.281321046622448,-1.7414556614167616
3229.109,-2.2886819542311265,-1.735300716467265
3229.158,-2.296152176112906,-1.7290863874916076
3229.21,-2.303764090510558,-1.722778221740462
3229.26,-2.3114997800304344,-1.7164067745687765
3229.312,-2.3193897073053495,-1.709937115966517
3229.363,-2.327389721320163,-1.7034130250363715
3229.414,-2.3355635491402773,-1.696781531258006
3229.465,-2.3438483816993165,-1.6900992216014818
3229.516,-2.3522808743422567,-1.6833277674046945
3229.567,-2.3608289879747564,-1.6765024743617973
3229.617,-2.369528810487306,-1.669593759043177
3229.667,-2.378341294267694,-1.6626375557891393
3229.72,-2.3873211338893454,-1.6555886935074398
3229.771,-2.3964141716729075,-1.6484970193047903
3229.822,-2.40566253171166,-1.6413222680356099
3229.872,-2.4150196153548236,-1.6341084457849402
3229.922,-2.4245339109809296,-1.626815420209077
3229.974,-2.43416730520878,-1.6194834320055913
3230.027,-2.443962954881101,-1.612074313310323
3230.077,-2.4538738359229755,-1.6046334952894017
3230.129,-2.463944635841191,-1.5971201453199781
3230.179,-2.4741312967453153,-1.589576706544304
3230.231,-2.4844709611375047,-1.5819679429443811
3230.281,-2.494930280153776,-1.5743351060992379
3230.33,-2.505545271260159,-1.5666408304371424
3230.383,-2.516264135364802,-1.558930234956818
3230.434,-2.527140086579341,-1.5511622023753222
3230.484,-2.5381222285233545,-1.5433852079561399
3230.538,-2.549259088181198,-1.5355564575633722
3230.587,-2.5605136270039637,-1.5277195199876257
3230.639,-2.5719131859191333,-1.5198397306755693
3230.685,-2.583407651339603,-1.5119591827893657
3230.74,-2.595045583361016,-1.5040421547718787
3230.791,-2.606801440136756,-1.4961322014943657
3230.842,-2.6186958961332656,-1.4881916604855816
3230.892,-2.6306948691884275,-1.4802643384111418
3230.945,-2.6428207335408853,-1.4723182267211559
3230.996,-2.655055020093604,-1.4643894053572368
3231.044,-2.66742707130601,-1.4564469486486182
3231.096,-2.679883892507446,-1.4485302909030675
3231.148,-2.692472266022513,-1.4406046279211413
3231.199,-2.7051564209971843,-1.4327181924659698
3231.25,-2.7179687951847162,-1.4248330987051376
3231.301,-2.730852715623926,-1.4169956402369035
3231.352,-2.743861623427565,-1.4091678448985163
3231.403,-2.756945250940095,-1.4013959434021483
3231.453,-2.770143972906187,-1.3936416154043325
3231.505,-2.783411910660082,-1.3859524414324067
3231.556,-2.796788726990539,-1.3782871434687973
3231.607,-2.810227449800758,-1.3706927604944952
3231.658,-2.8237707567419683,-1.3631334363246048
3231.709,-2.8373704783765037,-1.3556536430375183
3231.761,-2.8510696723133604,-1.3482172479790786
3231.811,-2.8648160591609653,-1.3408708061328949
3231.862,-2.878649150832084,-1.3335772768613905
3231.913,-2.8925156583172322,-1.3263789234867995
3231.964,-2.906461822077142,-1.3192524248523725
3232.012,-2.920441802984905,-1.312229317303411
3232.066,-2.934492657841167,-1.3052830401609024
3232.118,-2.9485592925272273,-1.2984570260101334
3232.166,-2.962681456784216,-1.2917093711497565
3232.218,-2.9768155972298254,-1.2850916315693355
3232.27,-2.9909984152116706,-1.278570914924695
3232.321,-3.00519166693895,-1.2723015108293214
3232.371,-3.019183714084446,-1.2664367963862049
3232.42,-3.0328625389359445,-1.2609445478181776
3232.474,-3.0463637509719748,-1.2557172950490518
3232.525,-3.0597035805755888,-1.2507657755575539
3232.576,-3.0731675019156572,-1.2460060183654358
3232.626,-3.086872128270668,-1.2414586923568596
3232.678,-3.1007673165554324,-1.2369785009309542
3232.729,-3.1147346820918314,-1.2323673540458553
3232.78,-3.1287787994321428,-1.2276936358090424
3232.83,-3.1428314814632987,-1.2230699331828647
3232.882,-3.1569094150260035,-1.2185111097647972
3232.933,-3.17095564132291,-1.2140867477779904
3232.984,-3.184993613324178,-1.2097816772856362
3233.034,-3.1989838017316354,-1.2056392048468931
3233.087,-3.212950818262066,-1.2016383503643946
3233.137,-3.226855271764895,-1.1978118171685839
3233.184,-3.2407245584115256,-1.194132410910268
3233.239,-3.2545200426248826,-1.1906444313430558
3233.293,-3.268269402440348,-1.1873152474752207
3233.337,-3.281928185327161,-1.1841792210445599
3233.391,-3.2955234125242825,-1.1812103489277659
3233.443,-3.3090067714421427,-1.1784570632295228
3233.492,-3.3224121069959485,-1.1758740165950676
3233.544,-3.3357073080699844,-1.1734955762421533
3233.596,-3.348908467218891,-1.171310426444894
3233.646,-3.361990077535244,-1.16933079048988
3233.698,-3.374967305553708,-1.1675400955606652
3233.747,-3.3878115764167602,-1.165957904342988
3233.8,-3.4005394825732105,-1.1645675439927863
3233.849,-3.413108214581707,-1.1634099941097162
3233.9,-3.4255783764245233,-1.162412093158364
3233.955,-3.437866359523789,-1.1616561272800863
3234.003,-3.4500182130610813,-1.1610895331636053
3234.054,-3.4620050919169634,-1.160670825896242
3234.106,-3.4738316625195096,-1.1603565713734223
3234.158,-3.4854940254000715,-1.1601417482748022
3234.208,-3.4969953301653054,-1.160029047797606
3234.254,-3.50827994982767,-1.1600296808152035
3234.31,-3.5194117553071873,-1.1601293755191613
3234.361,-3.5303157132458653,-1.160338947968477
3234.412,-3.5410459881625704,-1.1606615922183932
3234.462,-3.551557627778755,-1.1610699088290715
3234.514,-3.5619022417246917,-1.161607482346373
3234.565,-3.5720025170167347,-1.162336021171081
3234.617,-3.5818922236658666,-1.1632959364293298
3234.668,-3.591558306524076,-1.1644336220494709
3234.718,-3.6010176435396035,-1.1658015434141407
3234.767,-3.6102184533133785,-1.16735268027848
3234.819,-3.6192207997147876,-1.1691086885552004
3234.871,-3.627969271368873,-1.1710330480332956
3234.921,-3.636498630489947,-1.1731673685068431
3234.973,-3.644780247964927,-1.1754498576275008
3235.024,-3.6528443627345992,-1.177918194448087
3235.075,-3.660649474380184,-1.1805366939766542
3235.126,-3.668233954870129,-1.1833274015510167
3235.176,-3.675546574576312,-1.1862640530860409
3235.225,-3.6826410413017747,-1.1893671016141234
3235.279,-3.689471649862353,-1.1925903775743891
3235.329,-3.6960822666208744,-1.195959040986984
3235.381,-3.702450785358277,-1.1994112659613605
3235.432,-3.708579835188002,-1.2030047587366508
3235.485,-3.714397743147663,-1.2067054303148894
3235.532,-3.7200358297826006,-1.2105032892230287
3235.583,-3.725422455736213,-1.21436097316156
3235.635,-3.7305392518123632,-1.2183241926658892
3235.687,-3.7354103094361935,-1.222335328387272
3235.738,-3.7400431250403603,-1.2264254720409138
3235.79,-3.744420461948323,-1.230539075314971
3235.84,-3.7485782142732407,-1.234705723575811
3235.891,-3.752473084545114,-1.2388607600700796
3235.941,-3.7561379153010983,-1.2430425743122575
3235.991,-3.7595747810745985,-1.2472017485673
3236.043,-3.7628047745497426,-1.2513619137608154
3236.095,-3.765783689667237,-1.2554695929112365
3236.148,-3.7685098250883007,-1.2595318020515622
3236.196,-3.7709838130046713,-1.263518883712527
3236.248,-3.773269453200327,-1.2674504824973951
3236.299,-3.775295208889382,-1.2712606537698414
3236.35,-3.777093331522495,-1.2749828819892155
3236.398,-3.778615516919166,-1.2785389519030377
3236.45,-3.779883203576286,-1.2817968131443804
3236.502,-3.78079764593324,-1.2845005540030694
3236.555,-3.7814247738905498,-1.286825855820518
3236.607,-3.781903583210577,-1.2891813806444536
3236.656,-3.7823159440670344,-1.291660050156483
3236.708,-3.78261764371606,-1.2942443783733064
3236.755,-3.7828428831775622,-1.2968491010862924
3236.808,-3.7829742242748665,-1.299349420688276
3236.86,-3.7830220436837054,-1.3017280381047052
3236.911,-3.782979685395988,-1.3039238186308497
3236.962,-3.7828000854098582,-1.3058743436717073
3237.013,-3.7825258826710555,-1.3075559569518869
3237.064,-3.7821138880253247,-1.3089553860636614
3237.115,-3.7816252117671554,-1.3101035883433674
3237.164,-3.7808927450392007,-1.310935193421941
3237.216,-3.7799491126067286,-1.3114377571119253
3237.27,-3.7787857262667433,-1.3117910974712639
3237.319,-3.777393144324388,-1.3119371355156053
3237.369,-3.7757481834464564,-1.3118900867299046
3237.421,-3.773906531887604,-1.3116687507999771
3237.472,-3.7718266614365983,-1.311231279182072
3237.527,-3.7695477856027697,-1.3105095606680117
3237.575,-3.7669848286005796,-1.309368869818329
3237.625,-3.7642132532647845,-1.3078280058119882
3237.675,-3.76121039520509,-1.3058396090757847
3237.725,-3.7580357369683686,-1.303493387289117
3237.777,-3.7546505748150527,-1.3007165678645995
3237.83,-3.751152443561948,-1.2974952119757632
3237.88,-3.7474808766025056,-1.2938147695301045
3237.93,-3.743678011525358,-1.2897160141001405
3237.982,-3.7396930491176614,-1.2851341638721885
3238.033,-3.7356049665306013,-1.2801957448599715
3238.083,-3.731355490763771,-1.2748020549071524
3238.134,-3.726985222950163,-1.2690136104927496
3238.186,-3.722454662166935,-1.2627737209913452
3238.231,-3.717826140028428,-1.2561513846910644
3238.288,-3.7130423911678214,-1.2490503914852715
3238.338,-3.7081699719881622,-1.2415538850393415
3238.39,-3.703162792610285,-1.2336497958770425
3238.441,-3.6980546254211637,-1.225318779997988
3238.492,-3.692847638259306,-1.216598488781799
3238.544,-3.687588400759756,-1.2075499506466287
3238.592,-3.682273334756846,-1.1981985188839375
3238.646,-3.6769144533818188,-1.1884598140711737
3238.696,-3.671479757775939,-1.1783477687562343
3238.746,-3.6660171911834576,-1.1678805338619571
3238.798,-3.6605129826462153,-1.1571232151226725
3238.848,-3.655003340867808,-1.146040191907535
3238.9,-3.64945022944465,-1.1346854549702827
3238.952,-3.643905868997717,-1.123057023513076
3239.002,-3.6383378923064287,-1.1111443082455852
3239.054,-3.632789501402163,-1.0990143220742463
3239.104,-3.6272214196048274,-1.0866611479628339
3239.159,-3.6216742866373384,-1.0741235354236178
3239.205,-3.616112759534743,-1.061381098724785
3239.256,-3.6105738123795286,-1.0484944796693132
3239.308,-3.6050156638963244,-1.0354174396006963
3239.359,-3.5994717322813434,-1.02221322908957
3239.41,-3.593895076880017,-1.0088424067492718
3239.461,-3.5883291474352625,-0.9953794338396496
3239.51,-3.5827292871048044,-0.981794652228776
3239.562,-3.5771392203259293,-0.9681606802732934
3239.618,-3.571516067135683,-0.9544438047688372
3239.665,-3.5658926389127026,-0.9407049551561102
3239.715,-3.5602280664239694,-0.9269320912796397
3239.765,-3.5545457698679535,-0.913157350629942
3239.817,-3.5487948740134665,-0.8993324365449255
3239.869,-3.5430175937947257,-0.8855334946700225
3239.92,-3.537174979603522,-0.8717690981947768
3239.969,-3.5312973467726696,-0.8580756916050791
3240.02,-3.525335032345871,-0.8444357802932837
3240.073,-3.519327075992879,-0.8308896189758452
3240.126,-3.5132315523036586,-0.8174148220641839
3240.175,-3.5070641583705666,-0.8040767951110669
3240.226,-3.500782309820702,-0.7908246893986175
3240.277,-3.494379951042782,-0.7777290249411672
3240.326,-3.487858235984226,-0.7647288512151955
3240.379,-3.48120867666897,-0.751852943358418
3240.43,-3.474387078506438,-0.7390919346244578
3240.481,-3.4674335888636767,-0.726537364578506
3240.529,-3.460294372869152,-0.7142172035237778
3240.583,-3.452991172542886,-0.7021776271546659
3240.634,-3.4454602832146515,-0.6903528592195264
3240.684,-3.4377497271681627,-0.6787973389676096
3240.736,-3.429806737452154,-0.6675104778051633
3240.787,-3.421673477927529,-0.6564778820112759
3240.839,-3.413279342906504,-0.6457032821140842
3240.889,-3.404688241300064,-0.6352577045610649
3240.939,-3.3957345322392105,-0.6250763718227089
3240.991,-3.3863759178347395,-0.6152316939282674
3241.042,-3.3766309831762795,-0.605673492755088
3241.093,-3.366595949812481,-0.5964369714914977
3241.144,-3.356258975172724,-0.5875396601715779
3241.195,-3.3456718782522645,-0.5790404379952364
3241.244,-3.334878965086231,-0.5707959283142852
3241.297,-3.323878576879992,-0.5629239315455493
3241.346,-3.3125793176116707,-0.5554767220402529
3241.4,-3.301177396584399,-0.548402480162748
3241.449,-3.289711803891808,-0.5416949477536951
3241.5,-3.2781542295056507,-0.5354035270073649
3241.553,-3.266387877492643,-0.5295395486983838
3241.603,-3.2544646796225507,-0.5240801109137705
3241.653,-3.2423529603536285,-0.5189711433159269
3241.707,-3.2299898150908093,-0.5143412723621482
3241.756,-3.2174043529214074,-0.5100787087175603
3241.806,-3.204627801322419,-0.5061984416097716
3241.857,-3.1915786706502005,-0.502746020467092
3241.909,-3.178280350810526,-0.49977106267260457
3241.96,-3.1647332117365563,-0.49705644376357405
3242.009,-3.1509202988030744,-0.4945658023050356
3242.062,-3.1368722559962197,-0.4923053419406145
3242.113,-3.122594791985612,-0.4904383988820865
3242.163,-3.1080513983683513,-0.4889012157502078
3242.215,-3.09331560307385,-0.4877581735852431
3242.266,-3.0783347942418664,-0.4869735317851039
3242.32,-3.0631355403370812,-0.48655555728145744
3242.368,-3.0476181365947017,-0.4863341511341442
3242.42,-3.0319210438777735,-0.48631922452203236
3242.47,-3.016019798332838,-0.48652397594419133
3242.52,-2.9999734061527974,-0.48691265603042083
3242.572,-2.9837390499316654,-0.487628980644395
3242.622,-2.9673476022646357,-0.48876884048671787
3242.674,-2.950788463554583,-0.490322521462356
3242.725,-2.9341137748663533,-0.4922799716394567
3242.776,-2.9172774469864153,-0.4948883661544747
3242.826,-2.9003664847063906,-0.4979143904563055
3242.878,-2.883333211767146,-0.5014686589834246
3242.928,-2.866231795184895,-0.505436048045585
3242.98,-2.8490175347648194,-0.5098920696350115
3243.032,-2.8317612144103927,-0.5147269447065816
3243.08,-2.8144503365656433,-0.519974133065906
3243.133,-2.797134272438912,-0.5255345281463578
3243.184,-2.7799659119782523,-0.5314940757717348
3243.235,-2.7635598807777826,-0.5378140587664131
3243.286,-2.7475872542322275,-0.5444849348379244
3243.338,-2.731969823591042,-0.551480714986848
3243.388,-2.7164302992195535,-0.5588002222921071
3243.438,-2.7003962427071655,-0.5664232827348753
3243.49,-2.684011044611417,-0.5743442966724074
3243.544,-2.667420912276837,-0.5825741433833118
3243.589,-2.65072109026324,-0.5911023671193828
3243.643,-2.634051500208647,-0.6000415335887136
3243.696,-2.617385625617026,-0.6093888137495553
3243.743,-2.6007277780932423,-0.619086890788575
3243.796,-2.5841859806714784,-0.6290968562405715
3243.847,-2.5678115009489333,-0.6391766533070352
3243.898,-2.5515654887829653,-0.6494146013105697
3243.948,-2.535421597199044,-0.6597843489786871
3244.0,-2.5194101439568968,-0.6703461125672053
3244.051,-2.503588734241178,-0.6810366186520249
3244.102,-2.488058693026519,-0.6919044502901205
3244.153,-2.4728062247842053,-0.7029071244856263
3244.203,-2.4577279530092615,-0.7140997072006274
3244.255,-2.442878879371036,-0.7254299701865661
3244.306,-2.4282390990597804,-0.7369273961486572
3244.357,-2.4138766886250353,-0.7485485429405098
3244.406,-2.399806982352461,-0.7603584807885608
3244.459,-2.3861189014665203,-0.7722901354693792
3244.509,-2.3727388248370223,-0.7844033597346212
3244.561,-2.3597653932043166,-0.7967131910518341
3244.612,-2.3470969288745467,-0.8091864893806725
3244.663,-2.3347457505823868,-0.821772162858733
3244.714,-2.3226959163359067,-0.8345143790863092
3244.765,-2.310969283725997,-0.847288181577581
3244.816,-2.2994985501220535,-0.8600413197854543
3244.866,-2.2883593675056617,-0.872798305314378
3244.918,-2.2773544938689656,-0.8857396827700424
3244.969,-2.2666769780578875,-0.898753355597596
3245.02,-2.2562623220862372,-0.9118883976434667
3245.069,-2.2460643879211126,-0.9251222836747693
3245.122,-2.2360597350101066,-0.938495808157861
3245.173,-2.226285379780587,-0.9519641831313487
3245.224,-2.2167697154448565,-0.9656081077694038
3245.275,-2.207565849770926,-0.9794289928456953
3245.325,-2.1986384510597294,-0.9934117479225137
3245.375,-2.1899634861780988,-1.0074704344286973
3245.427,-2.1815520269215196,-1.0216638811577174
3245.475,-2.173443520088894,-1.0359459142177296
3245.53,-2.1656635224042753,-1.05036663940724
3245.581,-2.1582334680069013,-1.0648642435948734
3245.632,-2.1511103404182506,-1.0794799536435822
3245.683,-2.1443343466333493,-1.0942187412913684
3245.734,-2.1378652329763876,-1.1090887933246918
3245.785,-2.1317186990370116,-1.1239844593407982
3245.836,-2.1258233024360753,-1.1389338428473483
3245.886,-2.1202365869820325,-1.153891144527973
3245.938,-2.1149148535145446,-1.168886653906831
3245.988,-2.1099175302424507,-1.1838788907842204
3246.04,-2.1051711953686865,-1.1989162657275563
3246.092,-2.100700872013828,-1.213950988505913
3246.142,-2.096394340108921,-1.2290118002028607
3246.192,-2.092405807201215,-1.2440274443611345
3246.241,-2.0886108669261616,-1.2590522377269433
3246.295,-2.0850514483428633,-1.2740296282658428
3246.346,-2.0817107632876786,-1.2889851038896167
3246.397,-2.0785726166743066,-1.3036865279752714
3246.448,-2.075615793359835,-1.318151199679778
3246.499,-2.0728705142994297,-1.332158870024057
3246.55,-2.0702699665763675,-1.3458471637317917
3246.604,-2.067860153104243,-1.3593669490821962
3246.652,-2.065564234286338,-1.372959413413696
3246.702,-2.063429814018803,-1.386568232679185
3246.758,-2.061406494995155,-1.4002163393989921
3246.805,-2.0595301724848194,-1.413837819243453
3246.855,-2.0577840640118326,-1.4274512778248412
3246.907,-2.0561695769639736,-1.4409935775644584
3246.958,-2.0546504841409288,-1.4544679350349132
3247.009,-2.0532553641186446,-1.4677937687674005
3247.06,-2.0519337326929166,-1.4811528531644593
3247.112,-2.0507161123058175,-1.4948352897154873
3247.162,-2.049549027165545,-1.5087107102092556
3247.212,-2.0484822203042286,-1.5226195172566757
3247.264,-2.047471423946922,-1.53655757674941
3247.316,-2.0465305853156193,-1.5503647962370533
3247.366,-2.045622262813101,-1.5639991308364285
3247.417,-2.044782626774279,-1.5774014669694507
3247.467,-2.043953478764154,-1.590562883167421
3247.519,-2.0431617517012457,-1.6034749425688009
3247.569,-2.042360931524642,-1.616111264207361
3247.621,-2.041579296155135,-1.6284538028616127
3247.669,-2.0407787277774596,-1.6405948850059158
3247.722,-2.0400035918041635,-1.652411740821568
3247.773,-2.0392661813918824,-1.6639172826220727
3247.825,-2.038495037154347,-1.6750594288434553
3247.875,-2.0375253217973426,-1.6859406907845713
3247.927,-2.0364131944306836,-1.6965191422499781
3247.978,-2.035174896639812,-1.7068635913053345
3248.029,-2.0338806349480074,-1.7168603013702428
3248.08,-2.032505582771671,-1.726521744634479
3248.131,-2.0311066100133592,-1.7358199672436425
3248.182,-2.0296599532323776,-1.7447863837675848
3248.233,-2.028222719064442,-1.7534617083650852
3248.284,-2.026759018738156,-1.7619080635597653
3248.335,-2.025300133897447,-1.770038648181923
3248.386,-2.023806262939452,-1.7778535201921035
3248.436,-2.0223195711757684,-1.7853658965396026
3248.489,-2.0207993942260565,-1.7925865803582959
3248.539,-2.0192926504310615,-1.7996226362304317
3248.589,-2.017746458602918,-1.8063269574093528
3248.641,-2.0161947832267835,-1.812708142425684
3248.693,-2.0146010273121004,-1.8188490803004274
3248.739,-2.0130105996993213,-1.8247454054680547
3248.794,-2.0113834624038653,-1.8304459671537379
3248.845,-2.009749540442626,-1.8358730549315179
3248.896,-2.0080767625026152,-1.8410840348923947
3248.946,-2.0064028734858548,-1.8460418973120383
3248.998,-2.0046910417508648,-1.8507658656484276
3249.05,-2.002981274672144,-1.855225472842373
3249.1,-2.0012391173629624,-1.8594798606655165
3249.149,-1.9995087169089074,-1.8635150768015722
3249.201,-1.997749452828223,-1.8673648163385708
3249.252,-1.996001359129539,-1.870965636405218
3249.304,-1.9942279400109129,-1.8743559502390856
3249.354,-1.9924710278904465,-1.8775053422086139
3249.407,-1.9906965745216705,-1.8804768201892177
3249.456,-1.98894572990043,-1.883238430926801
3249.512,-1.987181882349874,-1.8857968751316256
3249.558,-1.9854461420369853,-1.8881637389076913
3249.61,-1.9837065941583423,-1.8903271950348308
3249.661,-1.9820009215786474,-1.892291037269531
3249.712,-1.980290705483731,-1.8941062600681813
3249.766,-1.9786220636532712,-1.895697908927619
3249.814,-1.9769454036283745,-1.8971361922764143
3249.868,-1.9752530877565646,-1.8983829411232565
3249.915,-1.9735301847783975,-1.899524732004193
3249.966,-1.9718319705374545,-1.9004923708306738
3250.018,-1.9701328627230057,-1.9013416007992157
3250.069,-1.968480754225069,-1.9020528069695355
3250.121,-1.9668348946301393,-1.9026866748098306
3250.17,-1.9652415674441186,-1.9031969936070912
3250.222,-1.9636602313067533,-1.903669168747422
3250.273,-1.9621360010071378,-1.9040707408182873
3250.324,-1.9606237412565384,-1.9044389324731048
3250.377,-1.959163169209818,-1.9047430292907948
3250.422,-1.9577128176383296,-1.90500632831224
3250.477,-1.956312189134315,-1.90520577176955
3250.528,-1.9549218798215053,-1.9053484544146386
3250.58,-1.9535786889963602,-1.9054268479985172
3250.63,-1.9522494135391208,-1.9054454183625649
3250.681,-1.950967912217042,-1.9054067480478476
3250.732,-1.9496894140396324,-1.9052938713981784
3250.783,-1.9484678994937488,-1.9051275592142554
3250.834,-1.9472631611509679,-1.9048964527261107
3250.885,-1.9461178677314013,-1.904615766394372
3250.936,-1.9449834519554832,-1.9042736733038235
3250.986,-1.9439099730704996,-1.90389524679248
3251.037,-1.9428636511245703,-1.903445723622128
3251.088,-1.9418825604219374,-1.9029628420398503
3251.14,-1.940921936911435,-1.9023893672131105
3251.191,-1.94002074063153,-1.9017610925918789
3251.241,-1.939149724801789,-1.901054290346619
3251.292,-1.9383479959744123,-1.9003364814783148
3251.342,-1.9375759139359723,-1.8995809862135686
3251.394,-1.9368640510765063,-1.8988449797953613
3251.446,-1.9361724900885233,-1.8981017437358125
3251.498,-1.9355423080344507,-1.8974111377798288
3251.548,-1.9349228113383488,-1.8967399795531992
3251.596,-1.9343507054949372,-1.89613509312396
3251.65,-1.9337796236345806,-1.8955605678249883
3251.699,-1.9332509087551877,-1.8950600978793137
3251.751,-1.9327268224856144,-1.8945870669894378
3251.803,-1.9322387073369545,-1.8941624871890272
3251.854,-1.931743005657533,-1.893754775108982
3251.905,-1.9312837086415615,-1.8934134297830973
3251.951,-1.9308255885877865,-1.8931287078441505
3252.007,-1.93039957314677,-1.8929018536032352
3252.058,-1.9299801351454817,-1.892757938555175
3252.109,-1.9295950220652283,-1.892694707586441
3252.16,-1.9292189761971237,-1.8927435906175707
3252.212,-1.928876048994904,-1.8928703660846784
3252.263,-1.928542279456841,-1.893066165417464
3252.312,-1.928244925019364,-1.8933536169358396
3252.363,-1.9279586292392032,-1.8937864717401263
3252.414,-1.9277039745349784,-1.8944360245633658
3252.467,-1.927461773237553,-1.895500439296595
3252.517,-1.927247444360154,-1.896888626737925
3252.569,-1.9270435779461095,-1.8986800139240763
3252.618,-1.926862679148431,-1.9008508076205373
3252.67,-1.9266880333930014,-1.903471176816786
3252.719,-1.926529695171582,-1.906476669974137
3252.772,-1.926372033447929,-1.9099797695211644
3252.823,-1.9262242115445913,-1.9139063430160412
3252.873,-1.9260707479543187,-1.9182498808881878
3252.925,-1.9259192214568772,-1.9229231634343962
3252.976,-1.925753334077116,-1.9278952107812857
3253.027,-1.9255821788110155,-1.9331090224986252
3253.078,-1.925387478706566,-1.9385899488391942
3253.129,-1.9251827424291523,-1.9442994718872133
3253.179,-1.9249480599442712,-1.950249885429421
3253.231,-1.924699716326134,-1.956383507287612
3253.282,-1.9244167335547397,-1.9627253772821074
3253.332,-1.9241094671875985,-1.9692921270780486
3253.384,-1.923754552432497,-1.976071519449764
3253.433,-1.9233721537736155,-1.9830397258161714
3253.485,-1.922934231286702,-1.9902265327819488
3253.537,-1.9224722024059295,-1.9975790481285425
3253.589,-1.9219120044289546,-2.005157062049021
3253.641,-1.921281086767638,-2.0128773615449274
3253.69,-1.9205469654615825,-2.0209246449882716
3253.741,-1.9199411758985223,-2.029124822536267
3253.792,-1.9193944494719457,-2.0374367903553856
3253.843,-1.9188629906524353,-2.0459287484232207
3253.894,-1.9182592530762936,-2.0545515519844053
3253.941,-1.9175756845466787,-2.063243721718721
3254.0,-1.9167832797070332,-2.0720317886426516
3254.046,-1.915866967833039,-2.0809190236719344
3254.097,-1.9147830601504965,-2.0899361007057533
3254.149,-1.913557373433525,-2.099030503521597
3254.2,-1.9121625194692835,-2.1082358209142322
3254.252,-1.910647033294919,-2.1175114383997355
3254.304,-1.9089745997083203,-2.126878583185848
3254.354,-1.907172771018352,-2.136285039701741
3254.404,-1.9052056642089075,-2.1457774088970205
3254.455,-1.9031334428790996,-2.1553063588227617
3254.506,-1.9008195424282779,-2.164936023508332
3254.557,-1.8981835452047968,-2.1746003461774897
3254.608,-1.8952542776615158,-2.1843126210563417
3254.659,-1.892086960272201,-2.194008427250968
3254.71,-1.8887252427521468,-2.2036881007315614
3254.762,-1.8852261464901388,-2.2133017568952407
3254.813,-1.8815789073551785,-2.222872406601963
3254.863,-1.8778374989374431,-2.2323515396084637
3254.914,-1.8739471644901662,-2.2417444813888134
3254.965,-1.8699879072852699,-2.2510286026682884
3255.016,-1.865901459023839,-2.2602337959923995
3255.067,-1.8617352256682296,-2.2693115732508704
3255.118,-1.8574289076733745,-2.2782918258629627
3255.169,-1.8529919928146423,-2.287106727183581
3255.22,-1.8482843879481021,-2.295699402885836
3255.272,-1.8432709333599393,-2.303963505447914
3255.322,-1.8378946983439923,-2.3119246614850266
3255.373,-1.832113841865202,-2.3195082134016034
3255.424,-1.8258659559793082,-2.3267345543756113
3255.474,-1.819328721925228,-2.333626975170175
3255.526,-1.812477024051258,-2.3403120271367652
3255.577,-1.8051849213557105,-2.3467663358400324
3255.628,-1.7973700675695106,-2.3531017586196157
3255.681,-1.7890541729463245,-2.359345029433378
3255.73,-1.78024340604874,-2.3656413753614225
3255.781,-1.7709695758561859,-2.3719873487667336
3255.832,-1.7611571579570484,-2.378383225854482
3255.883,-1.7508003631561229,-2.384757882412375
3255.934,-1.7397981607481494,-2.391163902886212
3255.984,-1.728267800099277,-2.39755241031226
3256.036,-1.7161681543092568,-2.403981894126764
3256.087,-1.7034999778927489,-2.410350484610313
3256.138,-1.690287931016208,-2.4166718076094904
3256.189,-1.6765459560165685,-2.4228871935556278
3256.238,-1.6622530502544703,-2.429050221426118
3256.289,-1.647445996667381,-2.435080252706738
3256.343,-1.632135713582471,-2.4410273544455627
3256.392,-1.6163140612276843,-2.4468167967970795
3256.444,-1.5999848250758746,-2.4524680261065086
3256.496,-1.5831428165203074,-2.457924797825465
3256.546,-1.5658001263036823,-2.4634122150147455
3256.597,-1.5479612558726041,-2.4687028021235164
3256.65,-1.5296224464131851,-2.4737819143709974
3256.698,-1.5108575986823958,-2.4786260029515814
3256.75,-1.4915646274531407,-2.4832497552301644
3256.801,-1.4717264414264808,-2.4875769914982424
3256.853,-1.4514257496892438,-2.491715736477239
3256.903,-1.4306940746446903,-2.4956196278818745
3256.954,-1.4095158453170604,-2.499341494428639
3257.005,-1.3879035446310226,-2.5028168044964203
3257.056,-1.3658710334205555,-2.5060975987941867
3257.106,-1.3434305834343676,-2.509132649712021
3257.156,-1.3205639600103651,-2.5119650638920454
3257.209,-1.297338370273461,-2.514561387754577
3257.26,-1.2737213061806814,-2.516951979854992
3257.311,-1.2497131757384752,-2.5190695434998576
3257.362,-1.2252996893156094,-2.520972299754752
3257.413,-1.2005309169429956,-2.5226089327785792
3257.464,-1.175360408252953,-2.5240210786922246
3257.515,-1.1498391513355426,-2.52516483632877
3257.566,-1.1239950131574443,-2.5261199137755312
3257.617,-1.0978709412893513,-2.5268499563164792
3257.669,-1.071398808306767,-2.527378507799132
3257.719,-1.0446097064829525,-2.5277583896829183
3257.77,-1.017518678896493,-2.5280576014259095
3257.82,-0.9901435379080842,-2.5282566018651145
3257.87,-0.9624661136943432,-2.5283739191174868
3257.921,-0.9345025392597376,-2.5283924274490497
3257.973,-0.906261222213341,-2.5283297138372687
3258.025,-0.8777799468696438,-2.5281689411494948
3258.077,-0.8489891318965982,-2.5278658256189703
3258.127,-0.8200039624087007,-2.5274749658903386
3258.177,-0.7907393950183468,-2.526850834458702
3258.23,-0.7612308451373448,-2.525879485775935
3258.28,-0.7315114999058904,-2.52455600642582
3258.331,-0.7016301038718689,-2.5228951154422616
3258.382,-0.6715821470134999,-2.5209505839705457
3258.433,-0.6414196591133058,-2.5187715172912486
3258.485,-0.6111199168899635,-2.51631179096778
3258.535,-0.5807700590183709,-2.5136579349911004
3258.586,-0.5503321899727708,-2.510761169211258
3258.637,-0.5198520512844471,-2.5077087027699654
3258.688,-0.4892963404661723,-2.504444668171221
3258.739,-0.45873010646389945,-2.500996361532414
3258.79,-0.42809966726884685,-2.497282982084192
3258.84,-0.39745625676332147,-2.4933477332278713
3258.892,-0.36678777775408206,-2.4890655738439866
3258.943,-0.3361233075726876,-2.484429311307664
3258.994,-0.30547843366380756,-2.479467517561033
3259.047,-0.274997114026473,-2.4743304036911797
3259.096,-0.24462551809743244,-2.4690095900765137
3259.15,-0.21442509095378792,-2.463555530511722
3259.198,-0.18431726679229243,-2.4579147833996546
3259.248,-0.15434845725575613,-2.4521350445019343
3259.295,-0.12453939215733623,-2.445735625660232
3259.351,-0.09493894461745017,-2.43895063623862
3259.402,-0.06556404580923782,-2.432015646201956
3259.453,-0.0364715640234431,-2.4251853368355762
3259.505,-0.007562529639090335,-2.4185250218408503
3259.554,0.021101926596270245,-2.412146328553195
3259.603,0.049666610266765325,-2.4060208407129586
3259.657,0.07767105225707062,-2.400163928783989
3259.709,0.10523087460478961,-2.3946240210383194
3259.759,0.13229880777727807,-2.3898793368636335
3259.81,0.1589965372743994,-2.385717697567234
3259.861,0.18547351470953832,-2.3818321751702025
3259.912,0.21175686239142716,-2.3780140740778197
3259.962,0.23783404919587003,-2.3741450356934086
3260.014,0.26375814400411957,-2.3700945704665983
3260.065,0.2894632171997127,-2.3658448747348153
3260.116,0.31503986808929696,-2.361385486569544
3260.167,0.3404424418694813,-2.3566991349981237
3260.218,0.36564080344175404,-2.3513914506636917
3260.269,0.39053734038952165,-2.3457360327556933
3260.32,0.41530539772818326,-2.339943255532333
3260.371,0.44038587228413745,-2.334250615451657
3260.422,0.46555958296658645,-2.3287538821860614
3260.473,0.49060293913343217,-2.323530792102199
3260.524,0.5153919916145534,-2.318631767158995
3260.573,0.5398372822687257,-2.3140691163289446
3260.626,0.5639473973047348,-2.309790932192516
3260.676,0.5876132574507386,-2.3058442508183425
3260.726,0.6108724723006156,-2.3021604022835747
3260.779,0.6337870674793513,-2.2986656896340465
3260.83,0.6563413954506123,-2.295322301629882
3260.879,0.6785323820786976,-2.292172514462287
3260.931,0.7003989725079092,-2.2892958156100405
3260.983,0.7219510361615702,-2.286957980597831
3261.034,0.7432520249372909,-2.2848655215759415
3261.085,0.7642917869983769,-2.2828265908334626
3261.136,0.7851149293057045,-2.2807586982916965
3261.187,0.8057127089083992,-2.2786560813506846
3261.236,0.8261181804048069,-2.2764359352637595
3261.289,0.846316581533043,-2.27413427756754
3261.341,0.8662466536087623,-2.2717147782032
3261.39,0.8859077852637026,-2.269288807670143
3261.442,0.9053151530146951,-2.2669138047678987
3261.49,0.9244166962458487,-2.2647198939433033
3261.544,0.9432672846698424,-2.262724560675169
3261.595,0.9618221888128109,-2.26102499439916
3261.644,0.9801097406706636,-2.259620420379594
3261.697,0.998081926754748,-2.2585863078001855
3261.748,1.015835232763875,-2.257829793098957
3261.801,1.0333484505069865,-2.2573842261933192
3261.85,1.050631089624861,-2.257125064828576
3261.901,1.0677077700643463,-2.256950315512609
3261.953,1.084580578035998,-2.256860599354794
3262.007,1.1012358112583014,-2.256863951963425
3262.054,1.117740736425373,-2.2569674480871114
3262.105,1.134023678481391,-2.257195685381126
3262.156,1.150183651328653,-2.257542636882461
3262.203,1.1661098577572766,-2.2580388561134868
3262.257,1.1818719941715912,-2.258878249307444
3262.309,1.1974618824073118,-2.260026730602604
3262.359,1.2129292602353365,-2.261552233332465
3262.411,1.228224621388568,-2.263446720048111
3262.462,1.243407712916843,-2.2657057648182715
3262.513,1.2584556645439338,-2.2681789302931445
3262.563,1.273426267471805,-2.2706035201407233
3262.612,1.2883041187398327,-2.272992183352368
3262.665,1.3031283840699883,-2.2755174993527407
3262.719,1.3178648519990155,-2.278388458315789
3262.769,1.3325674551073152,-2.2815397795184422
3262.818,1.3472046549376424,-2.2849402610750777
3262.87,1.3618329457236973,-2.2885811310527373
3262.915,1.3764263344260361,-2.2924580431225925
3262.972,1.3910398306641814,-2.2965301618549825
3263.023,1.405643228728734,-2.3008236486599536
3263.066,1.420272638212544,-2.305333952981122
3263.125,1.4348963200260885,-2.3099657780223843
3263.176,1.4495900173665326,-2.3147032015142717
3263.227,1.4643407664217465,-2.3193989153767967
3263.281,1.4791600499762418,-2.324091752221451
3263.329,1.4940197545130256,-2.328739503097755
3263.38,1.5089793372381932,-2.333345501694811
3263.431,1.523971883772909,-2.3379165571774445
3263.484,1.5390432660879598,-2.342512040980668
3263.533,1.5541757024217433,-2.347067886577799
3263.585,1.5694043288659407,-2.3516397673548686
3263.635,1.5846137978026986,-2.356206484688354
3263.686,1.5995504429453442,-2.3608342698424654
3263.737,1.614189847146376,-2.365488256284757
3263.787,1.6287746200524151,-2.3701172850289076
3263.839,1.6433764461396305,-2.374690851243284
3263.89,1.6581170874601376,-2.3793565761515882
3263.941,1.6729930457355857,-2.3839689423188646
3263.992,1.6880839705626631,-2.3884753785218824
3264.04,1.7033630752589008,-2.3930115759072232
3264.093,1.7188082844259565,-2.397445344503142
3264.144,1.7344159108618475,-2.4016347712094124
3264.195,1.7502263331145174,-2.4056301816338705
3264.247,1.7661789458859154,-2.409431854039837
3264.298,1.7822939557950876,-2.413112411912326
3264.344,1.7985381629158035,-2.4166323657433906
3264.4,1.8148949151280553,-2.420103327211285
3264.453,1.8313213472634644,-2.4234701743247733
3264.502,1.847818151292741,-2.4267740781803457
3264.553,1.8644187495697244,-2.4298792211296316
3264.603,1.8811446030442556,-2.432783335317413
3264.655,1.8979255581229053,-2.4353859667420354
3264.705,1.914815550617667,-2.4377215306923445
3264.756,1.9318049781040945,-2.4400239369966594
3264.808,1.9489276888575546,-2.4421013081310217
3264.858,1.9661022584461882,-2.4439841393551154
3264.916,1.9833748943100835,-2.445801769953734
3264.961,2.0007249170517665,-2.447752235161605
3265.011,2.018199570193313,-2.4499646216256217
3265.065,2.035894349191287,-2.4520941542504913
3265.114,2.0541441783445147,-2.45405532721201
3265.165,2.0726735123416913,-2.455477010164574
3265.215,2.0915008149979575,-2.4562361499567924
3265.269,2.110469701133228,-2.4567526711463206
3265.317,2.1295577620193273,-2.4570879844419915
3265.369,2.14866862063861,-2.4572755664719694
3265.42,2.167803556621548,-2.457444448807525
3265.472,2.186904461618768,-2.4577545986557485
3265.522,2.2060103636727346,-2.458181731340879
3265.573,2.225094528215897,-2.458667072880819
3265.624,2.244218486087562,-2.459201838086645
3265.675,2.263352608153695,-2.45969093088557
3265.726,2.282557527534628,-2.4601467755437936
3265.776,2.3018086184644915,-2.4604942240147754
3265.827,2.321142325122063,-2.4606609395561474
3265.878,2.3405685075329705,-2.4605824929257936
3265.931,2.3601031555545076,-2.460360881446587
3265.981,2.379700307656025,-2.4600512632795217
3266.032,2.3993745773147457,-2.4597392484554588
3266.083,2.419088825756014,-2.459580343554901
3266.133,2.4387133715493867,-2.459484128174873
3266.185,2.45797719034002,-2.4594106117632086
3266.237,2.476988819298035,-2.4591650930145006
3266.287,2.495874570781443,-2.458917728416371
3266.338,2.514731555141168,-2.458579626510979
3266.389,2.5335786439659587,-2.4581561610988443
3266.44,2.552472688390126,-2.457628007222824
3266.491,2.5713934864062304,-2.4571503533363703
3266.542,2.5903810840113537,-2.4567873015040567
3266.593,2.6093859826491683,-2.456470548288629
3266.644,2.6284389373821124,-2.4560142551368305
3266.694,2.647494038615182,-2.4553962892021657
3266.744,2.6665847272708776,-2.454698635011937
3266.796,2.685679334796212,-2.4543714922951123
3266.848,2.7047755251367125,-2.4538066500919484
3266.899,2.7238303768996164,-2.452968746776004
3266.948,2.7428854542512946,-2.4519316698392246
3267.0,2.7618793734264684,-2.450685162429815
3267.053,2.78083679887978,-2.4493058647399963
3267.102,2.7997204977432397,-2.447909707560653
3267.154,2.8185621445817457,-2.446518880858698
3267.202,2.8373615897408975,-2.445124033220298
3267.256,2.856163366265518,-2.443701085420624
3267.309,2.8748362762888835,-2.4424896344687688
3267.358,2.8934525309178643,-2.4415729426604513
3267.409,2.911997578942564,-2.4408707652049335
3267.458,2.9305204197197523,-2.4402617447075445
3267.512,2.948997531433849,-2.43965729940021
3267.562,2.967478267418393,-2.4389542510380866
3267.609,2.985938912251075,-2.438187319098843
3267.665,3.0044129032176565,-2.4373057060425967
3267.713,3.0228559620076423,-2.436350502950653
3267.766,3.0413015314990997,-2.4353082379560953
3267.817,3.059703416631872,-2.434240543050286
3267.868,3.078096504578598,-2.4331410854310453
3267.92,3.0964285785878913,-2.4320765773804016
3267.97,3.1147458658785308,-2.431014342631866
3268.021,3.1329960424224885,-2.4300104109582006
3268.072,3.1513469974242763,-2.4290172086924313
3268.126,3.169618003038385,-2.4280793688551867
3268.175,3.187820208701857,-2.4271570702029437
3268.225,3.2059327887139184,-2.4262772827480275
3268.276,3.2240558314322403,-2.4253095810745657
3268.324,3.242145868455802,-2.424307023722368
3268.379,3.26018498299433,-2.423353638365983
3268.429,3.27814476890624,-2.4224825455209817
3268.479,3.296066056239921,-2.421653813868245
3268.531,3.3139262975409376,-2.420880334709646
3268.584,3.3317828204524953,-2.420182843559367
3268.633,3.3495948425692963,-2.4194917102349804
3268.684,3.3674085001817344,-2.4186981496085225
3268.735,3.3851823779670625,-2.417848470421861
3268.786,3.402953380008271,-2.4169175866162482
3268.838,3.420680431465767,-2.4159679308398476
3268.888,3.438395679980086,-2.414988075342371
3268.94,3.4560589146306593,-2.4140454099477844
3268.99,3.473703781184289,-2.41312520360194
3269.041,3.491295600940359,-2.4123424432423617
3269.092,3.5088760235057044,-2.411597296303677
3269.142,3.526407580012903,-2.4109879562151253
3269.195,3.5439304037502093,-2.41036906683158
3269.244,3.5614087543248627,-2.4097414340768037
3269.294,3.578884699574357,-2.4090732117935243
3269.347,3.5963234482848123,-2.408417762945552
3269.397,3.613764659872682,-2.407747890702642
3269.45,3.6311709380337094,-2.4071099131005065
3269.5,3.648580782276742,-2.406471621649037
3269.552,3.665961052908086,-2.405865865902354
3269.604,3.6833493971090543,-2.4052478722591544
3269.653,3.7007088206148055,-2.404655087809196
3269.704,3.718076104662211,-2.404052500368438
3269.755,3.7354100935446053,-2.403484718459195
3269.806,3.7527463008348807,-2.4029176202547133
3269.858,3.77004593189137,-2.4023852517616757
3269.908,3.787350355330811,-2.401845790901973
3269.956,3.8046223360867457,-2.4013467849634167
3270.009,3.821905197406347,-2.4008447041873313
3270.061,3.8391610749272242,-2.4003755364744195
3270.112,3.8564332138816333,-2.3999544564878756
3270.163,3.873679196487212,-2.3995643639018573
3270.214,3.890936776508142,-2.39914966644282
3270.267,3.9081680749822585,-2.3987463642863798
3270.313,3.92541019689027,-2.3983255031816624
3270.367,3.9426260368383033,-2.3979221015921883
3270.418,3.959858444986988,-2.397568770783394
3270.471,3.9770629927892203,-2.3972364977234273
3270.524,3.994276970052031,-2.3968745536195986
3270.571,4.011463324098124,-2.3965185671094407
3270.622,4.028663300746574,-2.396143920343746
3270.673,4.0458393289320655,-2.395783025908552
3270.724,4.063030544067988,-2.3954097649058954
3270.777,4.080197227089226,-2.3950550439455567
3270.826,4.097379688242984,-2.3946928368524483
3270.877,4.114539838189422,-2.3943516350610126
3270.928,4.131718865865928,-2.394001653455188
3270.977,4.148877403300939,-2.3936685751789706
3271.029,4.1660544072081285,-2.3933277616381026
3271.079,4.183212052031464,-2.393002400692035
3271.132,4.200388246889528,-2.392663213015393
3271.183,4.217543140727764,-2.392334573973162
3271.234,4.234719910172523,-2.392037771314566
3271.289,4.251875982998216,-2.391750089881744
3271.334,4.269050983850184,-2.3914316279356265
3271.387,4.286205468144682,-2.3911133161103737
3271.438,4.303379274299969,-2.3907713608712444
3271.486,4.320532562198176,-2.3904284961287647
3271.539,4.337703164591097,-2.3900548603303835
3271.592,4.354852948848945,-2.3896776366213763
3271.644,4.372021745894084,-2.3892671419438636
3271.693,4.389170292898555,-2.3888639169129258
3271.745,4.406335784815012,-2.3884287263002313
3271.796,4.423478484688962,-2.388000225661987
3271.846,4.440680159104903,-2.387517230738882
3271.897,4.45785666450324,-2.3870588783546323
3271.949,4.47503672696188,-2.386599337907657
3271.999,4.492173084723021,-2.386183072908818
3272.051,4.509317414815145,-2.385767216471291
3272.101,4.526435608533791,-2.3853808777583123
3272.152,4.543570528439666,-2.3849852212731038
3272.203,4.560685278864618,-2.3846049068934305
3272.253,4.577821305954552,-2.384201447286659
3272.305,4.594940378101365,-2.3838008200749288
3272.356,4.6120829429370325,-2.3833565715391187
3272.407,4.6292098224954366,-2.382905216905873
3272.461,4.646360557544763,-2.3824158876084613
3272.508,4.6634971926824615,-2.3819902326142626
3272.56,4.680654223841489,-2.3815403951573355
3272.611,4.69779204922629,-2.381072853886274
3272.663,4.7149493384172,-2.380559456095004
3272.712,4.732086989680594,-2.38003881922419
3272.758,4.749244056762753,-2.3794837463831775
3272.814,4.766378971215923,-2.3789389364690154
3272.866,4.783530716655234,-2.378373532897513
3272.916,4.800661396641311,-2.3778274819637595
3272.968,4.817811784948524,-2.377314296097695
3273.019,4.834942172588977,-2.3768487718930666
3273.066,4.852091497727627,-2.376324995965209
3273.12,4.869221912223526,-2.375772384441873
3273.172,4.886372290648446,-2.3751478535532637
3273.223,4.903503215611686,-2.3745058006713413
3273.273,4.92065423576909,-2.3738791971670667
3273.324,4.937783443624207,-2.373251408920616
3273.38,4.954926079648823,-2.372544538522324
3273.427,4.972042055002494,-2.371819839723995
3273.477,4.989218875622231,-2.3709665693968045
3273.528,5.006627459064604,-2.3700369021675427
3273.58,5.023954369704547,-2.3691580695251178
3273.63,5.0411707814297495,-2.3683497716838535
3273.682,5.05830609720971,-2.367587007638973
3273.732,5.075362738828441,-2.366879302320058
3273.786,5.09239615071932,-2.3661753174163134
3273.834,5.109387330815296,-2.3654946044975174
3273.886,5.126392469713556,-2.3647815075906196
3273.937,5.143384556089677,-2.364063858559355
3273.988,5.160409219433944,-2.3632947432314753
3274.039,5.177429381598078,-2.3625153090188404
3274.09,5.194482502530314,-2.361691919230892
3274.141,5.2115283272883,-2.360863539462109
3274.191,5.228599975200144,-2.360000169506959
3274.243,5.245654452162091,-2.3591477071626996
3274.294,5.262728116275241,-2.35833833486687
3274.345,5.279775273829029,-2.357530598994933
3274.396,5.296833363281176,-2.356668404350139
3274.447,5.3138638110336105,-2.35579691688946
3274.498,5.330902977973156,-2.354880326264961
3274.549,5.3479717365829895,-2.353860716767122
3274.599,5.365062685975351,-2.352781608284704
3274.65,5.38209365970466,-2.3517622125629085
3274.7,5.399110320220326,-2.3507607744296526
3274.753,5.416082021872111,-2.3498138251996274
3274.803,5.433051096731971,-2.34888897272779
3274.854,5.449988112832284,-2.3480166804411415
3274.905,5.466938959004487,-2.347143343192342
3274.957,5.483865684315947,-2.3462962735048856
3275.007,5.500811166119332,-2.3454188210823514
3275.059,5.517738739640632,-2.3445485748058026
3275.11,5.53468757835514,-2.3436475791955207
3275.158,5.5516179231850415,-2.3427461434209533
3275.211,5.568567448720034,-2.3418005995077507
3275.263,5.58549622646405,-2.340889737039745
3275.315,5.602440768047234,-2.3399416976244067
3275.365,5.61936218939858,-2.338983779928471
3275.418,5.636300923016139,-2.337982431987903
3275.466,5.653217750928004,-2.3369784711519683
3275.517,5.670150499097838,-2.3359527178419572
3275.569,5.687058848109088,-2.334955941766464
3275.62,5.703979801503594,-2.3339592919888057
3275.671,5.720873072125859,-2.33300692002038
3275.722,5.737778533478602,-2.332115365189768
3275.771,5.7546597351611695,-2.331257657478348
3275.821,5.771565372494957,-2.3303628943398853
3275.875,5.788478484315261,-2.3294498034691324
3275.926,5.8054296002209735,-2.32848529226785
3275.977,5.822372167428851,-2.327509183223131
3276.028,5.8393356856947385,-2.326481954839321
3276.078,5.856271876871865,-2.3254491380111295
3276.131,5.873212887572632,-2.3243800150613585
3276.181,5.8901084229552785,-2.3233179156716117
3276.231,5.9070485246513895,-2.3221617248498037
3276.283,5.9240010638721925,-2.320934236554881
3276.334,5.94089233824174,-2.3197622264806466
3276.386,5.957707820495449,-2.3186985219053593
3276.436,5.974495761349164,-2.317661245334502
3276.487,5.991233037003363,-2.3166686654088156
3276.537,6.007972680434118,-2.3156723996283
3276.589,6.024729838841156,-2.3146413997309208
3276.639,6.041511017102353,-2.313579114841894
3276.691,6.058251632305066,-2.3125516136714066
3276.742,6.075000145561784,-2.311506068112486
3276.793,6.091722953495536,-2.3105261444151
3276.843,6.108460346075708,-2.3095172317226442
3276.894,6.125176620026294,-2.3085060046732337
3276.945,6.141912497366311,-2.307457293569434
3276.997,6.158629263934993,-2.3064188127497434
3277.048,6.175365296811643,-2.3053535104414538
3277.098,6.192080630193297,-2.304303752638412
3277.15,6.20881316135727,-2.3032358079387842
3277.199,6.225523524323341,-2.302192744607707
3277.252,6.242249606771982,-2.3011399615202417
3277.302,6.258952171563333,-2.3001160755754038
3277.354,6.275670020455113,-2.2990804119099315
3277.404,6.29236478048728,-2.2980609827428307
3277.454,6.309068019987068,-2.2970565558644016
3277.508,6.325724721479587,-2.296055427400813
3277.56,6.342363265329429,-2.2950405301082726
3277.61,6.358959873843386,-2.2940220488549574
3277.66,6.375557296011968,-2.2929538938245355
3277.71,6.392130923680894,-2.2918927689604707
3277.762,6.408728005013155,-2.2908057571442795
3277.814,6.425317851350326,-2.2897424136580184
3277.864,6.441940911885847,-2.2886688278104317
3277.915,6.458562623235306,-2.2876276427414446
3277.963,6.475226725734144,-2.286619755771421
3278.009,6.4918909450837985,-2.2856372642124234
3278.067,6.508594094307834,-2.2846007913204778
3278.119,6.525296496063313,-2.2835499706256415
3278.17,6.542035715401317,-2.28250442092063
3278.22,6.558769505092838,-2.28151989547109
3278.272,6.575534718005066,-2.280504764999388
3278.324,6.592288594173052,-2.2795057629537485
3278.374,6.609065710305008,-2.2784981594685005
3278.424,6.625824167395897,-2.27755221022471
3278.476,6.642601748094441,-2.2765859974434
3278.527,6.65935823419945,-2.2756197609745414
3278.578,6.676129821275103,-2.2745990000479446
3278.629,6.6928753026364864,-2.27356011855746
3278.679,6.709633283279716,-2.2725070125228526
3278.731,6.726365585039666,-2.271453437953552
3278.782,6.743106413565192,-2.2703487260590096
3278.833,6.759819066259938,-2.269284790968142
3278.883,6.776544440240683,-2.2681950191252094
3278.934,6.793242506964911,-2.2671159309357845
3278.986,6.809955956842267,-2.266016460124287
3279.036,6.826647541711696,-2.26493968745467
3279.088,6.843358043590545,-2.2638488801592884
3279.139,6.860050174274188,-2.2627822000556903
3279.19,6.87676423423961,-2.261696555080346
3279.242,6.893461849957543,-2.2606279242192917
3279.29,6.9101827403534655,-2.2595327231729354
3279.343,6.926887203560198,-2.2584472355012695
3279.393,6.943613784191898,-2.2573301756565454
3279.445,6.960322850060173,-2.2562195412913955
3279.497,6.977052196621644,-2.2550772149438276
3279.546,6.993761960277215,-2.253944012547676
3279.597,7.010491055309629,-2.2528120059486634
3279.648,7.027199640207483,-2.2516861608147094
3279.7,7.0439265108935665,-2.2505216118404388
3279.751,7.060632786398844,-2.249360281657546
3279.802,7.077357204875315,-2.2481696501898942
3279.853,7.094060596166068,-2.2469955895289524
3279.902,7.11078168168544,-2.2458048509404738
3279.955,7.127480916655577,-2.244641805217312
3280.011,7.144197862142934,-2.2434913492889903
3280.057,7.160893589937171,-2.242361867190917
3280.107,7.177607144172341,-2.2411995950928345
3280.159,7.194299441976248,-2.2400409210978847
3280.21,7.211009318316299,-2.2388427448986854
3280.261,7.22769727089049,-2.237636863591502
3280.312,7.244457436231931,-2.236314574806402
3280.361,7.261264874554985,-2.2349132580614284
3280.414,7.2781579598677935,-2.233395371980114
3280.46,7.294926237187467,-2.232030230276692
3280.514,7.311644677498456,-2.230743506795607
3280.567,7.3282992150895625,-2.229542732263251
3280.614,7.344940956575408,-2.2283645547813666
3280.668,7.361545673145697,-2.2272247956406686
3280.72,7.378163314968641,-2.2260645984608174
3280.771,7.394767541104631,-2.22490678269845
3280.822,7.411399881041477,-2.2237038843973087
3280.873,7.428024362246391,-2.222486528036565
3280.924,7.4446173196762295,-2.2212924448268576
3280.973,7.461258093507617,-2.2200055759724884
3281.025,7.477952840298104,-2.218658106437576
3281.08,7.494626618548092,-2.217317198936044
3281.116,7.511315063073884,-2.215952757304724
3281.179,7.527975789108851,-2.214614082026492
3281.229,7.544647517600285,-2.213270379013502
3281.281,7.561288459638419,-2.211977765916272
3281.331,7.5779386979379915,-2.2107020355153026
3281.384,7.594561192475554,-2.209482270900087
3281.433,7.611485872252908,-2.208261865302087
3281.487,7.628421653449223,-2.207088305030224
3281.535,7.645172108176946,-2.2060005793978363
3281.588,7.661724846530641,-2.205046287761678
3281.641,7.67828879401728,-2.203980214890556
3281.692,7.694838120317252,-2.202843109581302
3281.741,7.711421002255144,-2.201608165162182
3281.789,7.728000873287067,-2.2003273963490817
3281.843,7.744617922265757,-2.1989786814976906
3281.892,7.761228332827853,-2.1976353989390223
3281.944,7.777868067998615,-2.1962688773077437
3281.995,7.794492608913984,-2.194926176793546
3282.046,7.8111387687517935,-2.1935797561442034
3282.097,7.827764812324066,-2.1922773290163926
3282.147,7.844408020342711,-2.190982528486565
3282.199,7.861028648731153,-2.189729208425798
3282.25,7.877666201207118,-2.188468968855673
3282.299,7.894281994459964,-2.187232966505969
3282.35,7.910916382984779,-2.1859716215624334
3282.403,7.927530483019299,-2.184716325942623
3282.453,7.944163538520764,-2.183420791684848
3282.504,7.960776698615451,-2.1821259545322556
3282.555,7.9774087055077505,-2.180794191721559
3282.604,7.994020611469509,-2.1794693522296926
3282.658,8.01065021259922,-2.178113018524202
3282.709,8.027257717081385,-2.176757926278739
3282.76,8.043882086160156,-2.1753649276176636
3282.811,8.06048451885706,-2.1739792967658347
3282.863,8.077107092577137,-2.172569959573185
3282.911,8.093712511616884,-2.171178654707786
3282.964,8.110343003229266,-2.1697683080654033
3283.015,8.126959310034033,-2.1683818444130627
3283.066,8.143598004078651,-2.1669891966874455
3283.117,8.160216784841115,-2.1656324387237804
3283.169,8.176852375407618,-2.164276339378204
3283.218,8.193462041061853,-2.16296050679011
3283.269,8.210084559269395,-2.1616343038880483
3283.325,8.226681718971276,-2.160330373398644
3283.374,8.243292263622212,-2.1590056512572233
3283.423,8.259879348222396,-2.1576978775234177
3283.474,8.276483158196742,-2.1563678338556156
3283.525,8.293065792174566,-2.155055601489624
3283.576,8.3096743566713,-2.1537234444099718
3283.627,8.326284986780392,-2.152410573831815
3283.678,8.342941630974993,-2.1510771812814027
3283.729,8.3596026624734,-2.149761566527613
3283.78,8.376297012683555,-2.1484240924326317
3283.831,8.392979034949985,-2.1471028006737707
3283.882,8.409678579380975,-2.1457569465889375
3283.933,8.426350757842355,-2.14442571204404
3283.984,8.44302877806071,-2.1430677730678944
3284.035,8.459672374344631,-2.141725791772817
3284.086,8.476320107086991,-2.1403631045461657
3284.147,8.492934316922508,-2.1390194069462938
3284.188,8.509556821740006,-2.1376560919144567
3284.238,8.526151951926607,-2.136312524154674
3284.29,8.542764273450604,-2.134949365771314
3284.341,8.559360228967615,-2.1336050262997475
3284.392,8.575982164963577,-2.132239343094097
3284.442,8.592590935685966,-2.13089088641947
3284.493,8.609224004775566,-2.1295202933477864
3284.545,8.625842208506844,-2.128165717947706
3284.596,8.642482661513158,-2.1267888545861506
3284.647,8.659105492281972,-2.1254281142384284
3284.697,8.675748421359932,-2.124044601055283
3284.747,8.69237157076357,-2.122677219081187
3284.8,8.709013054776383,-2.121279017646921
3284.851,8.725633974367746,-2.1198953481338556
3284.902,8.74227351587382,-2.1184872605899656
3284.952,8.758892887900386,-2.1170887752213634
3285.004,8.775531164788779,-2.1156475573803064
3285.056,8.792149776800791,-2.1142160432742036
3285.106,8.808787797824689,-2.112753380007706
3285.157,8.82540611709099,-2.111306196474473
3285.21,8.84204374996985,-2.1098459474045343
3285.259,8.858661658855539,-2.1084178866927576
3285.311,8.8752991038511,-2.106981371389196
3285.36,8.892011276365075,-2.105483310665112
3285.411,8.908762701829923,-2.1039632306854705
3285.462,8.925461744243176,-2.102521858253749
3285.511,8.94215512305279,-2.101102237168033
3285.564,8.958810049982606,-2.0997255634134055
3285.617,8.975470612982777,-2.0983365830576415
3285.669,8.99210260023542,-2.09696689737572
3285.718,9.008749752398867,-2.0955729117252533
3285.768,9.0253744015395,-2.094190610426939
3285.819,9.042017865187628,-2.0927840801847584
3285.871,9.058642278411098,-2.0913923535113197
3285.922,9.07528739470408,-2.0899674713863226
3285.973,9.091914571855524,-2.0885651747819898
3286.027,9.108562942940942,-2.0871504201410915
3286.076,9.125193659945333,-2.08576096633552
3286.125,9.141845690851811,-2.0843560584394845
3286.181,9.158480484951053,-2.0829734220877887
3286.228,9.175137016570812,-2.0815712414762264
3286.277,9.191776387330158,-2.080186570103608
3286.33,9.208437909758368,-2.0787783104062587
3286.381,9.225081944890055,-2.077385161193107
3286.431,9.241747017748956,-2.0759681171999755
3286.483,9.258394069623849,-2.074565538074367
3286.534,9.275062115431338,-2.0731370680601224
3286.585,9.291712059134658,-2.071722317720401
3286.635,9.308382175656616,-2.0702676966604208
3286.687,9.325033570736123,-2.068837784655
3286.739,9.341706410423319,-2.0674005756852614
3286.789,9.35836329402357,-2.0659972441232743
3286.839,9.375045778442535,-2.0645898116663255
3286.892,9.391714107663981,-2.063212562907723
3286.942,9.408407137765275,-2.061822298406588
3286.994,9.42480890621809,-2.060454348422784
3287.043,9.441301515946048,-2.059059909654608
3287.094,9.457867679129095,-2.0576730022339333
3287.146,9.474526255398485,-2.05625099453351
3287.197,9.491216589711966,-2.054833906125381
3287.248,9.507957771399987,-2.053385569706549
3287.298,9.524388306194224,-2.0519499853211585
3287.35,9.540869351598968,-2.050489252399025
3287.403,9.55744192357437,-2.0490394970775507
3287.452,9.574110390590825,-2.0475559226521622
3287.503,9.590808491990757,-2.0460420442650515
3287.555,9.607558912224901,-2.0444942798339545
3287.605,9.624306813985426,-2.042950131985592
3287.656,9.641077718517833,-2.041398615100315
3287.707,9.657821111617142,-2.0398943541329064
3287.757,9.67457107576914,-2.0383889645023823
3287.809,9.691285292301831,-2.0369162733318467
3287.86,9.708003924660387,-2.0354348928275505
3287.911,9.724689637888343,-2.0339814339155606
3287.962,9.741386455478388,-2.0325124833070682
3288.014,9.75806123651956,-2.0310622935973246
3288.064,9.774757566106011,-2.0295882129014937
3288.113,9.791438045031859,-2.028126728765164
3288.166,9.808141332019249,-2.0266350690844592
3288.216,9.824827095058408,-2.025153453541645
3288.268,9.841533214596986,-2.0236437942385272
3288.319,9.858220260971898,-2.02214562295219
3288.369,9.874933207675463,-2.0206134166553515
3288.421,9.891644226602008,-2.0190870512181305
3288.473,9.908431346825466,-2.017497703681968
3288.525,9.925437431524946,-2.015707192850663
3288.571,9.942378325798682,-2.014013037801652
3288.625,9.959230783839065,-2.0124398121754687
3288.675,9.97604105332313,-2.0109343642702973
3288.726,9.99278521289809,-2.009501164664208
3288.779,10.009512989934187,-2.0080741796195807
3288.829,10.026191646173762,-2.006672737970504
3288.88,10.04287298402352,-2.005236105557154
3288.931,10.059526173117794,-2.003786797714108
3288.988,10.076196453797698,-2.0022720025167664
3289.033,10.093216710840332,-2.000737118167861
3289.084,10.110230006825718,-1.9991431469365857
3289.138,10.127076560544934,-1.9975085432302309
3289.187,10.143854930405368,-1.9958435180727851
3289.235,10.160518450512486,-1.9942351038980017
3289.29,10.177152127126737,-1.99264078690297
3289.338,10.193732746641643,-1.9911018088088877
3289.39,10.210321764433779,-1.9895719389706428
3289.441,10.226891868301337,-1.988077219196878
3289.494,10.24356868385787,-1.9864877037127946
3289.543,10.260256485694248,-1.9849029462413612
3289.594,10.276944464181916,-1.983336159740595
3289.645,10.293602361615996,-1.9818140773856956
3289.698,10.310273533427411,-1.9802895505396565
3289.747,10.326923245508981,-1.9787907992325804
3289.798,10.343592908642576,-1.9772696688223712
3289.849,10.360244782717603,-1.9757591992938204
3289.9,10.376919053559165,-1.9742182629855913
3289.947,10.393576432760327,-1.9726846167150953
3290.003,10.410256274660195,-1.97111720512062
3290.051,10.427172377251738,-1.9695606267528567
3290.103,10.44405917543542,-1.967937859819498
3290.155,10.460840709493812,-1.9663383832952115
3290.205,10.477569867252145,-1.9647510197339784
3290.257,10.494230132872,-1.9632111819867477
3290.308,10.510875887492649,-1.9616751370427188
3290.359,10.527485604677041,-1.9601738978887628
3290.409,10.54410744855419,-1.958662590263146
3290.46,10.560712313602155,-1.957171453173907
3290.511,10.577346070306623,-1.9556567729037324
3290.563,10.593972561509084,-1.9541557309775295
3290.612,10.61063296345817,-1.9526242406478234
3290.665,10.627286381826716,-1.951100283500564
3290.716,10.643971684568836,-1.9495436459254385
3290.767,10.660647187863017,-1.9479956232845983
3290.818,10.677346841206662,-1.946422684274085
3290.869,10.694031719002673,-1.9448642066108086
3290.919,10.71073964675328,-1.9432870170371634
3290.971,10.727428461636793,-1.941738422780993
3291.021,10.74413643116542,-1.940181854774638
3291.073,10.760824425338894,-1.9386569227936354
3291.124,10.77753150305319,-1.9371264994232507
3291.175,10.794219148436056,-1.9356239950277878
3291.225,10.810927537490938,-1.9341058771174504
3291.277,10.827618512082642,-1.9325426325552602
3291.328,10.844331942120252,-1.9309440951338832
3291.377,10.861028631208628,-1.9293876563584824
3291.429,10.877747292654707,-1.9278232659283943
3291.481,10.894451206604643,-1.9262885324109518
3291.532,10.91118159714393,-1.9247379006233039
3291.583,10.92789995746316,-1.9232048672547613
3291.636,10.944644275515081,-1.9216470004215511
3291.684,10.961372731863012,-1.9201026061945492
3291.736,10.978123765877601,-1.9185313241838677
3291.787,10.994857023485336,-1.916891918101623
3291.838,11.011611146976728,-1.9152125884854336
3291.889,11.02834548575127,-1.9135366770334505
3291.94,11.045099054864536,-1.9117952923567523
3291.991,11.06183404865787,-1.9101276294414584
3292.041,11.078590508542664,-1.9085288899912036
3292.092,11.095329129439346,-1.9070040871107892
3292.144,11.112089570750179,-1.9054992947763882
3292.195,11.128833643496476,-1.9040266527987668
3292.246,11.145598969108741,-1.902519636491243
3292.297,11.16234659449425,-1.9010047002713943
3292.347,11.179116883192572,-1.8994477292266343
3292.399,11.195873906641232,-1.8978915874090985
3292.449,11.212658112455033,-1.896304983832635
3292.501,11.229429957184115,-1.894649379835746
3292.552,11.246226288447705,-1.8929698129054888
3292.603,11.263003581325265,-1.8913551720190263
3292.653,11.279797839107985,-1.889763515372725
3292.705,11.296570145604967,-1.8882227279331625
3292.757,11.313358467869172,-1.8866952536210304
3292.807,11.330133871688702,-1.8851443902082086
3292.857,11.346949592547736,-1.8835912099147392
3292.908,11.36377431514201,-1.8820834676206222
3292.96,11.380646000941137,-1.880568608032736
3293.016,11.397516479187951,-1.8790711537793152
3293.062,11.414416095383597,-1.877543493503706
3293.113,11.431295726198126,-1.876018321888742
3293.164,11.448185371550114,-1.8744576649646072
3293.215,11.465135550126405,-1.8728178137768359
3293.264,11.48219307102471,-1.8710572164955286
3293.317,11.49913899901595,-1.869317684086389
3293.371,11.516006409706192,-1.8676275978494028
3293.419,11.532819658620035,-1.8660204831352496
3293.469,11.549595391446134,-1.8645236621681138
3293.521,11.566320520338513,-1.863131744876091
3293.571,11.583060085659607,-1.8617547737424098
3293.621,11.59979096470066,-1.8603993153644431
3293.672,11.616558702794267,-1.859008452578786
3293.725,11.63333371151817,-1.8575352284407687
3293.776,11.650155547286081,-1.856004665261168
3293.827,11.666980025067375,-1.854511312172924
3293.878,11.683844217007097,-1.8530174499994283
3293.931,11.700804588637682,-1.8514726613613095
3293.98,11.71781856392183,-1.8498986569896227
3294.031,11.734769072575583,-1.8483956579009297
3294.081,11.751808883491588,-1.8468146507138743
3294.136,11.768841768129715,-1.8452382772589346
3294.184,11.785912887902048,-1.843616741388239
3294.235,11.803085831039246,-1.8419038003797397
3294.286,11.820186558515534,-1.840196348575733
3294.336,11.83714688905154,-1.838626138021847
3294.388,11.854042149799858,-1.8371349494236533
3294.439,11.870864446886747,-1.835721888117496
3294.49,11.887670943817612,-1.8343238975910798
3294.541,11.904451307245221,-1.8329419992760387
3294.592,11.921256810765897,-1.8315232780544528
3294.643,11.938065633122129,-1.830091236362124
3294.694,11.954923795358004,-1.828604661849735
3294.745,11.971797633272555,-1.8271025656986353
3294.796,11.988720291473323,-1.8255527454478506
3294.847,12.005646379612555,-1.8240069838088444
3294.899,12.022606547108975,-1.8224373006046923
3294.948,12.039553559601538,-1.82085184796937
3295.001,12.056519827912293,-1.8192510398266954
3295.05,12.073458838237295,-1.8176953015149184
3295.102,12.090408371520223,-1.8161415634157192
3295.153,12.107329205745852,-1.814634452576709
3295.204,12.124261388559674,-1.813135923605146
3295.255,12.14116786288713,-1.8116768657010114
3295.306,12.157810733332205,-1.8102006538865143
3295.357,12.17447214155876,-1.8087404773148972
3295.407,12.191257229402273,-1.8072464782846895
3295.459,12.208104165279321,-1.8057464555298468
3295.51,12.225106430405368,-1.8041155671105615
3295.56,12.242246423643161,-1.8023779736918704
3295.611,12.259411735543573,-1.8006340270918966
3295.663,12.276484992081311,-1.7989944655183288
3295.714,12.293518173427557,-1.7974077853583237
3295.764,12.310490585292925,-1.7958866271828247
3295.815,12.327442947435266,-1.7943859584528217
3295.867,12.344342410274546,-1.792931892704477
3295.918,12.361243302213845,-1.7914617985615007
3295.969,12.378118288307405,-1.7900054869320157
3296.02,12.395018104358607,-1.788433246688978
3296.071,12.41190808920116,-1.786872888299693
3296.122,12.428831180404613,-1.7853207306778156
3296.173,12.445749538483543,-1.7838044168872478
3296.224,12.462704526238195,-1.7822765855848766
3296.275,12.479655986410746,-1.7807700104124853
3296.326,12.496639965645969,-1.7792461892526985
3296.377,12.513613440800187,-1.777743737373081
3296.428,12.530614002783993,-1.7762224742282473
3296.481,12.547597205653759,-1.7747192077112182
3296.53,12.564598845922584,-1.7731941083420468
3296.581,12.581571356755111,-1.771686874976373
3296.632,12.598537794497398,-1.7700864707621444
3296.684,12.615453942805235,-1.7685274581976824
3296.734,12.63245305595843,-1.7669323107411945
3296.785,12.649420661038006,-1.7653922711304533
3296.835,12.666354608442331,-1.7638904208949806
3296.887,12.683346098481227,-1.7623544037705772
3296.937,12.700368652480577,-1.7607914456386882
3296.989,12.717308612329935,-1.7592950467114312
3297.04,12.734327690660153,-1.7577219978013316
3297.091,12.751310642885612,-1.7561694231435288
3297.142,12.768283825297297,-1.7546037736188111
3297.193,12.785223181878727,-1.7530553585737394
3297.244,12.802176919646138,-1.7514819269347224
3297.298,12.819113290958152,-1.7499239508041369
3297.345,12.836076898535588,-1.748244396899187
3297.396,12.853029212275949,-1.7465994473676296
3297.448,12.87000742120552,-1.7449911669752016
3297.499,12.886973044947158,-1.743362512537343
3297.55,12.903962792345157,-1.7416814582118247
3297.593,12.920859256071525,-1.740129342928823
3297.652,12.93777447843097,-1.7386310901099422
3297.703,12.954703544598438,-1.7371715795412899
3297.753,12.971675653762007,-1.735606191493643
3297.802,12.988642212505125,-1.7340471947606217
3297.856,13.00563604261817,-1.7324848017327483
3297.906,13.022614134922511,-1.7309534744393684
3297.958,13.039613911582247,-1.7294111635133964
3298.009,13.056596189532353,-1.727895233059278
3298.06,13.073601234170843,-1.726361735974512
3298.111,13.090591083218662,-1.7248445744110472
3298.162,13.107605486268472,-1.7233067784858875
3298.213,13.12460609672257,-1.7217979355681292
3298.264,13.14163176357137,-1.7202852843748109
3298.311,13.15864344032183,-1.718816444040182
3298.366,13.175798507473447,-1.7172459501540325
3298.417,13.19297670161429,-1.7156796746370002
3298.463,13.210109039546474,-1.714163227256499
3298.517,13.227169281157572,-1.7127172772360066
3298.57,13.244217028846995,-1.7112804427558677
3298.621,13.26122108126843,-1.709883773836344
3298.672,13.278236816302638,-1.7084712474282717
3298.723,13.295236331056305,-1.7069863121436861
3298.774,13.312263256355415,-1.705440350217393
3298.828,13.329280940273632,-1.7039353250578106
3298.876,13.346332910063214,-1.7023370211551831
3298.93,13.363374419566759,-1.7007627789596254
3298.974,13.380771904582366,-1.6992329315037236
3299.032,13.39815177616175,-1.6977673300748297
3299.08,13.415414440793068,-1.6963183034205733
3299.132,13.43257282869993,-1.6949141589970118
3299.183,13.449662959053482,-1.6935114819727615
3299.233,13.466685714772439,-1.6921277459642372
3299.282,13.483709621855105,-1.6907136437844679
3299.334,13.500703947256728,-1.6892969960757982
3299.389,13.517722819583575,-1.6878309884646512
3299.437,13.534855854493559,-1.6862572987004811
3299.486,13.55218934188527,-1.6845195755971458
3299.539,13.569510169532132,-1.68282706364976
3299.59,13.586743665018114,-1.6812380551043749
3299.641,13.603874517363975,-1.6797820465244786
3299.691,13.620970750672496,-1.6783823412663148
3299.743,13.638011470067784,-1.6770530622521136
3299.793,13.655057472093347,-1.6757188251515642
3299.844,13.672080970206716,-1.674393753578856
3299.896,13.689235613505586,-1.6729388036873756
3299.946,13.706480657962905,-1.6713903126132486
3300.0,13.723676528042029,-1.6698488266287914
3300.051,13.740806297731554,-1.6682804892611056
3300.1,13.757934606603081,-1.6665720979584355
3300.151,13.775023012705741,-1.6649382705399356
3300.201,13.792121863097092,-1.6633951315623152
3300.252,13.809195245659787,-1.662015724183935
3300.304,13.82629239533792,-1.660592794622637
3300.353,13.843374648937653,-1.6592180039009992
3300.407,13.860483201960214,-1.6578798627072149
3300.457,13.877579953431605,-1.6565752810638945
3300.508,13.894704988856486,-1.6552297995768785
3300.555,13.911819816539737,-1.6538650430299413
3300.61,13.928961329837259,-1.6524421505605233
3300.661,13.946089736865066,-1.6509978012431898
3300.713,13.963243617918398,-1.6495038329219667
3300.763,13.98038113352297,-1.6480153495631455
3300.814,13.997543413106266,-1.6463975331200371
3300.865,14.014689734269902,-1.644709152164636
3300.916,14.031851676147419,-1.6431098936982975
3300.966,14.04898948986087,-1.6416264844543393
3301.018,14.066143338730894,-1.6401898257696108
3301.069,14.083275392221319,-1.6388250271755802
3301.12,14.100427348205951,-1.6374619180992134
3301.169,14.117561502638432,-1.6361202293083705
3301.222,14.134718787824738,-1.6347478374540023
3301.273,14.151862188954139,-1.6333738720245925
3301.323,14.16903098930008,-1.6319605961943335
3301.374,14.186188696045715,-1.6305496839500553
3301.426,14.203375391699048,-1.6291113353780924
3301.477,14.220551199444715,-1.627691530747285
3301.528,14.237752824172762,-1.6262578062803574
3301.578,14.254938212102763,-1.6248527573159723
3301.631,14.272144335923,-1.6234375284262015
3301.683,14.289329792020393,-1.6220491291647368
3301.73,14.306655498132256,-1.6205645577425078
3301.784,14.323981377548526,-1.6190846966556742
3301.834,14.34125863375932,-1.6176287710528112
3301.885,14.358475209426114,-1.616220113951958
3301.936,14.375677409462867,-1.6148197861383735
3301.988,14.392845066099769,-1.6134587676789203
3302.038,14.410024544936451,-1.6120969481062934
3302.089,14.427186239950158,-1.6107657120944547
3302.14,14.444374269715437,-1.6094195913482874
3302.194,14.46155249111949,-1.608092524250761
3302.242,14.47875894677153,-1.6067409443863738
3302.292,14.495957374009613,-1.605393380803294
3302.344,14.513183983650102,-1.6040084351524306
3302.394,14.530398279794161,-1.6026252725857417
3302.445,14.547638449177256,-1.6012030420198793
3302.5,14.564864471903052,-1.599785837033139
3302.547,14.582114083430179,-1.5983413807517466
3302.602,14.59934809578396,-1.5969137312316417
3302.65,14.61660512144291,-1.5954684838998618
3302.701,14.633845433797445,-1.5940502624712727
3302.751,14.65110747090369,-1.5926252916311485
3302.802,14.668350906107698,-1.5912437645428774
3302.854,14.685614209015684,-1.589866701262879
3302.905,14.7028576047653,-1.5885296971234348
3302.959,14.720119143932097,-1.587196371088781
3303.007,14.737361769292654,-1.5858866827182483
3303.058,14.75462619651995,-1.5845351220213826
3303.108,14.771877913902145,-1.583033348120533
3303.162,14.789151901448394,-1.581504249017246
3303.212,14.806407131072271,-1.580040732406714
3303.263,14.82368293850833,-1.5785961068879681
3303.314,14.84094104218754,-1.5772119344665851
3303.363,14.858221237771218,-1.5758420276835179
3303.415,14.875483768574037,-1.5745117439722613
3303.465,14.89276813400373,-1.5731790711523297
3303.517,14.910034436376334,-1.5718726072347553
3303.569,14.927321656787871,-1.570547219310558
3303.616,14.944589186991914,-1.5692379814132074
3303.67,14.961874582770768,-1.567909302414404
3303.721,14.979138803550113,-1.5666058597355597
3303.773,14.996422430297622,-1.5652887338970114
3303.823,15.01403489321927,-1.564015399154853
3303.873,15.031682461227946,-1.5627293204875332
3303.922,15.04915076821205,-1.5614636657346785
3303.975,15.066538026630804,-1.5601776096087392
3304.027,15.083822616037967,-1.5589077167956669
3304.077,15.100799894025176,-1.557467534449031
3304.13,15.117733906789061,-1.55602977927051
3304.179,15.134808340351572,-1.5546102331253293
3304.231,15.151962641554336,-1.5532217085903148
3304.282,15.169206515040834,-1.5518173180441182
3304.333,15.186494380313846,-1.5504316290649383
3304.384,15.20385246749643,-1.549022610933613
3304.434,15.221221712654907,-1.547631455112227
3304.486,15.238809156521901,-1.5461480808102386
3304.537,15.2564145180824,-1.5446825187998023
3304.588,15.273934906738187,-1.5432777292135562
3304.638,15.291374015416068,-1.5419441497330701
3304.691,15.308758662742244,-1.5406456914756137
3304.743,15.326080986455493,-1.539387762034408
3304.792,15.343393814410522,-1.5381102126416395
3304.845,15.360673596545052,-1.536840024307845
3304.894,15.377972437038936,-1.535534161930535
3304.945,15.395263958530911,-1.5341012375196044
3304.996,15.412585452898606,-1.5326502566274596
3305.047,15.429900011237168,-1.5312570926956723
3305.098,15.44724554496515,-1.5298832064439944
3305.149,15.464580804395325,-1.528558141085902
3305.2,15.481942559943842,-1.5272325771894788
3305.251,15.499288678224213,-1.5259351467661788
3305.302,15.51666268391392,-1.5244843969273152
3305.353,15.534020333023,-1.5230134627397542
3305.404,15.551394982737042,-1.521584014921955
3305.454,15.568746772917072,-1.5202189369409524
3305.506,15.586114857803718,-1.5188683929532147
3305.555,15.60346063126304,-1.5175609822672718
3305.608,15.620824389478452,-1.5162454630810644
3305.659,15.638168428621729,-1.5149524691805147
3305.711,15.655533106252072,-1.5136369972303982
3305.755,15.672879169546162,-1.5123357076604405
3305.812,15.690242149726007,-1.5110079705181663
3305.861,15.70758195329756,-1.5096926115780127
3305.914,15.724939151162218,-1.5083531426635197
3305.966,15.74228171148315,-1.5068997216177884
3306.015,15.759647912798327,-1.5054012378484438
3306.067,15.776995194272095,-1.5039969162852462
3306.118,15.794364700440925,-1.5026389721748465
3306.176,15.811719339219646,-1.5013496371052506
3306.22,15.82909782854933,-1.5000684550195307
3306.272,15.846467555645493,-1.4986747655125605
3306.326,15.864155228239369,-1.497278311199536
3306.371,15.881818630278936,-1.4959649490439724
3306.428,15.89939209881402,-1.494683384337409
3306.475,15.917020109337612,-1.4933047130983268
3306.526,15.934824681750994,-1.4917199407732182
3306.579,15.952419368125938,-1.4903216967290838
3306.629,15.969878351229154,-1.489037747321614
3306.679,15.98720778604445,-1.487870891033991
3306.728,16.004498502665406,-1.4867382486041123
3306.781,16.02173374744241,-1.4856534547398015
3306.834,16.038982968117303,-1.4845411490966391
3306.883,16.05622602972361,-1.4834176954614235
3306.934,16.073516094654234,-1.482236156293534
3306.985,16.09081587070352,-1.4810311409501191
3307.036,16.108386289622093,-1.479681843650004
3307.087,16.126018641205658,-1.478305762391587
3307.138,16.143576722754787,-1.4769499960799348
3307.189,16.161044549416246,-1.475659513159052
3307.239,16.178484260135612,-1.4743905173452243
3307.291,16.195864816940116,-1.47317788847445
3307.342,16.213235544676184,-1.4719736777850534
3307.393,16.230572494172634,-1.4707994149332375
3307.444,16.24792651374511,-1.4695975266858177
3307.492,16.265267798494758,-1.4683864962304254
3307.546,16.282640646009636,-1.4671189866754064
3307.597,16.30000907966122,-1.4658326821031615
3307.644,16.31741211048606,-1.4645003974679103
3307.699,16.334816952479677,-1.463161354532174
3307.75,16.35262377981384,-1.4618240990505897
3307.8,16.3703864256592,-1.460522756499811
3307.851,16.388048912743045,-1.4592320063938955
3307.904,16.40558893818132,-1.4580065734570555
3307.955,16.42307572420836,-1.4568032024479545
3308.005,16.440811048269886,-1.4556719704188765
3308.057,16.458518797019714,-1.454535717790648
3308.107,16.476055724309457,-1.453419042807127
3308.158,16.493497103520863,-1.4522823333362722
3308.209,16.510848064692205,-1.4511683051130486
3308.26,16.52817251374366,-1.4500367221382735
3308.311,16.545460161411565,-1.4489218764453327
3308.362,16.562768867750016,-1.4477766462374269
3308.413,16.580078459925513,-1.4466374742772983
3308.464,16.59743257664686,-1.4454594554604492
3308.515,16.614792008167083,-1.4442844042301546
3308.567,16.632201105483432,-1.4430752149759944
3308.617,16.6496136344967,-1.4418778233352902
3308.668,16.667064606103065,-1.440663373128276
3308.719,16.684507102285686,-1.4394799296416922
3308.772,16.702157802980686,-1.4382387809915511
3308.821,16.71981836243423,-1.4370504058867328
3308.871,16.73741293230454,-1.4359221039074919
3308.923,16.754913114479063,-1.4348758244577604
3308.974,16.772384723604016,-1.433839219343524
3309.025,16.789802644559106,-1.4328244529123848
3309.074,16.807226841047555,-1.4316897239373028
3309.127,16.824626901174845,-1.4305654702441475
3309.178,16.842050880866832,-1.4294355971062307
3309.229,16.859466491061635,-1.4283330229757634
3309.28,16.87691642194326,-1.4272131077785153
3309.331,16.894360374551074,-1.426110307618652
3309.382,16.9118446406647,-1.424981598261851
3309.434,16.92932478538869,-1.423866997123657
3309.483,16.94684009045581,-1.4227280618201157
3309.535,16.96434973714822,-1.4216063953320373
3309.586,16.981889898859894,-1.4204661825243314
3309.637,16.999416798387045,-1.4193593601668677
3309.688,17.016962792524367,-1.4182650243423698
3309.739,17.034485546769325,-1.4172221018911957
3309.79,17.052225504191004,-1.4161128168979806
3309.845,17.06996567236094,-1.4150304048676345
3309.889,17.08763583098309,-1.4139704524048455
3309.94,17.105216329673876,-1.4129576069971983
3309.996,17.122765096965214,-1.4119315484510326
3310.044,17.14026092435724,-1.4109108418836678
3310.096,17.157997385124506,-1.4097581732507627
3310.149,17.175744419540692,-1.408587280384152
3310.198,17.193399832682875,-1.407415554198035
3310.249,17.21095590197463,-1.406286995623114
3310.3,17.228487066281964,-1.4051607440656235
3310.351,17.245971242657333,-1.4040823100718165
3310.402,17.263465306943484,-1.403009967497404
3310.452,17.28094260789515,-1.4019817213714116
3310.504,17.29845284019696,-1.4009483771568063
3310.556,17.315963435734552,-1.3999395179634204
3310.604,17.333513180452282,-1.3989072340232735
3310.657,17.351063565873986,-1.397881453722367
3310.707,17.368650843295516,-1.3968180889225803
3310.759,17.386233236299777,-1.3957549372464424
3310.81,17.403849599195976,-1.394652073687266
3310.861,17.42145727661757,-1.3935567814140772
3310.912,17.439092243756303,-1.3924387058275036
3310.963,17.45670979109181,-1.39134417084787
3311.014,17.474345516918767,-1.3902412550291832
3311.065,17.491957661014165,-1.3891693526398556
3311.115,17.50958343357494,-1.3880933538885918
3311.167,17.527183481986146,-1.3870511664540002
3311.217,17.54480466779562,-1.3858415263497919
3311.269,17.562403829772798,-1.3846420183138681
3311.32,17.580017334098706,-1.3834968628764177
3311.371,17.597607909519155,-1.38242355520496
3311.422,17.61521732327149,-1.381364102689655
3311.473,17.6328088847389,-1.3803391838108288
3311.524,17.650422816676873,-1.3792960460264296
3311.575,17.66802209529286,-1.3782564755740538
3311.625,17.685645206255565,-1.3771791361344201
3311.677,17.70325176013152,-1.3761118633697718
3311.728,17.72087955283265,-1.3750253698564994
3311.779,17.73848834376479,-1.3739631046790688
3311.83,17.75612406191434,-1.37274700524679
3311.881,17.77373957992769,-1.3715716602578651
3311.933,17.79137267089457,-1.3704278697256125
3311.984,17.808990214444044,-1.3692376322422244
3312.034,17.82662479043363,-1.3680715002568566
3312.085,17.8442347761124,-1.3669964403336685
3312.136,17.861859852709838,-1.365951605783655
3312.186,17.879462302345615,-1.364950630842292
3312.238,17.897080688699237,-1.363942537490636
3312.289,17.914677059154524,-1.3629621594365162
3312.339,17.932291244212582,-1.3619674012491467
3312.391,17.949884956065386,-1.3609927223247853
3312.442,17.967498199238726,-1.359991421072447
3312.493,17.985093037169758,-1.3589984609873742
3312.546,18.00270935157557,-1.3579683957616275
3312.593,18.020308776133536,-1.356937515377056
3312.644,18.03793027911238,-1.3558727051733657
3312.698,18.05540960021534,-1.3548923570921985
3312.748,18.072857324753777,-1.3539177488351506
3312.798,18.090366886115614,-1.3529022309597885
3312.852,18.107955250910642,-1.3518312345109875
3312.9,18.125578612446784,-1.3507570720006101
3312.952,18.143264191138883,-1.3495350797381085
3313.002,18.160953343333176,-1.34831954240419
3313.054,18.178673167164078,-1.3471671508634675
3313.105,18.19637453756306,-1.346112592360131
3313.157,18.214088570548633,-1.3450971865267531
3313.206,18.231773138991358,-1.3441385746689776
3313.258,18.249465811460514,-1.343179218871195
3313.309,18.26712259279888,-1.3422447611453643
3313.36,18.2847845761018,-1.3412780482191613
3313.411,18.302417486936257,-1.340305510026153
3313.461,18.32006340961532,-1.3392777102920224
3313.513,18.337687004312265,-1.3382405377632662
3313.564,18.355565198192487,-1.3370707388970393
3313.614,18.37351662242874,-1.3357098741121836
3313.666,18.391354422725044,-1.3344063767276746
3313.717,18.409075070641393,-1.3332381242124447
3313.767,18.426737178341277,-1.3321646582713236
3313.819,18.444335681318098,-1.3311844484398543
3313.87,18.461924025579407,-1.3302419007072035
3313.919,18.47948348674739,-1.3293441395039889
3313.971,18.497062700672824,-1.3284322870789853
3314.023,18.514629886562247,-1.3275287843300345
3314.074,18.532230437806906,-1.3265829412839076
3314.125,18.549835698393885,-1.3254666901735592
3314.177,18.56768560987908,-1.324229091885368
3314.226,18.585627071482126,-1.3230424710714808
3314.278,18.60346853791574,-1.3219406925679487
3314.328,18.621406021943102,-1.3208906285224502
3314.38,18.639317495429285,-1.3198782067417645
3314.435,18.657060007614888,-1.3189736289204286
3314.482,18.674724292118388,-1.3181075165755087
3314.531,18.692301326099113,-1.317288111978741
3314.583,18.709856502399507,-1.3164502866181906
3314.635,18.727382084894526,-1.3156101687284854
3314.685,18.744935690388132,-1.31471632600341
3314.737,18.76250057069802,-1.3136471689773075
3314.788,18.780372843497755,-1.3125645724672044
3314.839,18.79824169738383,-1.3115515657659345
3314.89,18.81605003988677,-1.3105573339827343
3314.941,18.833790026321363,-1.3096185694371072
3314.991,18.851524841857884,-1.3086978111823402
3315.043,18.869237274547075,-1.3078218410014977
3315.091,18.886970413620798,-1.3069436967655979
3315.145,18.90468546491613,-1.306088334474489
3315.196,18.922418177654297,-1.305207820884611
3315.246,18.94012689826303,-1.3043366933475982
3315.297,18.957848779768682,-1.3034366824810057
3315.348,18.97554537414916,-1.3025477852723752
3315.4,18.993255971921496,-1.3016318178643471
3315.45,19.011306895245482,-1.3007611929762677
3315.499,19.02929645411268,-1.29986459941998
3315.554,19.047137311790816,-1.2989885175083853
3315.604,19.06488640268877,-1.298102611526397
3315.655,19.082542077716965,-1.2972466316699272
3315.706,19.10016697415152,-1.2963781973162791
3315.757,19.117744059283545,-1.2955293524752736
3315.808,19.13533155822025,-1.2946546336203846
3315.858,19.152903640157817,-1.2937873225713437
3315.91,19.170506283037184,-1.2928883647652119
3315.961,19.18810598869819,-1.29199670731933
3316.012,19.205751176946894,-1.2910729980441222
3316.066,19.22339946876723,-1.2901610967270285
3316.114,19.241086690343252,-1.289226897069252
3316.165,19.25877037898469,-1.2883150410744868
3316.215,19.2764860311799,-1.2873913947510398
3316.266,19.294190690111943,-1.2864973989697186
3316.319,19.311919572693878,-1.2855938115907413
3316.363,19.32963059623091,-1.2847213696541402
3316.42,19.347360308623173,-1.2838398253420422
3316.471,19.365068186393856,-1.2829860303256257
3316.521,19.382793872798604,-1.2821188439931424
3316.574,19.400496269719817,-1.2812744920954389
3316.624,19.41820077932431,-1.280410476935944
3316.675,19.435862705862714,-1.279564455471575
3316.726,19.453522021306966,-1.2787018315143523
3316.776,19.47114762234546,-1.2778672396179054
3316.828,19.4887877457305,-1.2770222917036078
3316.879,19.506409714038675,-1.2762093559387997
3316.93,19.524062955111887,-1.2753895969857783
3316.982,19.54171095500754,-1.2746037642659098
3317.03,19.559398382236157,-1.273811385519101
3317.083,19.57708769852265,-1.273043887844486
3317.134,19.5948173433679,-1.2722556025908536
3317.185,19.612548183637784,-1.271476673703651
3317.236,19.63031393631562,-1.270665746758435
3317.287,19.648075179934168,-1.269855754574983
3317.338,19.665867096342364,-1.2690099873794105
3317.388,19.68364689011868,-1.2681744109476607
3317.44,19.70145193906038,-1.2673213726045345
3317.491,19.719239373283617,-1.2664997861258434
3317.542,19.737046420469333,-1.2656724538699509
3317.595,19.754833027803667,-1.2648772772251502
3317.645,19.772638657670253,-1.2640694308801241
3317.695,19.790423985527227,-1.2632853793431735
3317.746,19.80822757947625,-1.2624929471125186
3317.797,19.826010895763485,-1.2617292181805817
3317.849,19.84381363218917,-1.260951229363797
3317.899,19.861597547178626,-1.2601948659519226
3317.949,19.8794023744216,-1.2594226367513135
3318.001,19.897189491635313,-1.25867500024378
3318.052,19.914998015513625,-1.2579109706284826
3318.111,19.93279820291509,-1.2570117746730765
3318.153,19.9506191211122,-1.256120669861861
3318.205,19.96841889598757,-1.2553357111154586
3318.256,19.986245908927398,-1.254435720619257
3318.307,20.004057182911364,-1.2535606896586915
3318.359,20.021884319728233,-1.2527991135143695
3318.41,20.03969034526504,-1.2521374260220994
3318.46,20.05751658524965,-1.2515111070902845
3318.511,20.075325164734547,-1.2509160841748115
3318.562,20.0931573468302,-1.250290054071729
3318.611,20.11097421576153,-1.2496599258447743
3318.663,20.128814884303132,-1.248967968958602
3318.717,20.146640771307517,-1.2482556846180433
3318.767,20.164491958678063,-1.2474876320383956
3318.816,20.182327956107205,-1.2467204461302843
3318.871,20.200198677625735,-1.2457548691826577
3318.918,20.21805685964582,-1.2447740973461692
3318.97,20.235935988441387,-1.243865246884247
3319.021,20.254040492161423,-1.2429644854258834
3319.072,20.272244949196736,-1.242075388908128
3319.123,20.29029296135651,-1.2412979503105956
3319.174,20.308262000863927,-1.2405677503209476
3319.224,20.326152949572883,-1.2397546822684131
3319.276,20.344031330745292,-1.2389846298461225
3319.326,20.361877534430544,-1.238335772615646
3319.379,20.379744205506224,-1.2377398225420053
3319.427,20.39759787133687,-1.2372216184202491
3319.481,20.415478225730144,-1.2367152041159195
3319.531,20.433344640806535,-1.2362309153722353
3319.579,20.451234049666866,-1.2357074191352273
3319.632,20.46910603957228,-1.2351661495568584
3319.684,20.48699768179449,-1.2345476364482981
3319.735,20.50486778208093,-1.2338930237324743
3319.786,20.52275600109801,-1.2331657700473102
3319.839,20.54062175942855,-1.2324052825955043
3319.887,20.558504380487204,-1.2316026029898195
3319.938,20.576587995074455,-1.2307392050022736
3319.99,20.59477290100073,-1.2296729150339227
3320.04,20.61282534440433,-1.228684300721317
3320.092,20.63079876211803,-1.2278258445177832
3320.144,20.64867087637368,-1.2271110448079845
3320.195,20.66651014484951,-1.2264675284918773
3320.246,20.684296417539038,-1.225900594404495
3320.296,20.702085808155914,-1.2253442729931925
3320.346,20.719851961533674,-1.2248182516072044
3320.398,20.737642684688534,-1.2242702120649556
3320.449,20.755424872360283,-1.2237253252136762
3320.5,20.77324179585865,-1.2231326672147866
3320.549,20.791055700606744,-1.2225216343943859
3320.602,20.8089155519949,-1.2216770069849399
3320.653,20.82677252956901,-1.2207902546319616
3320.704,20.844878941491373,-1.2198845797526
3320.756,20.86297032381809,-1.2190540392070353
3320.807,20.880995049806195,-1.2182810848851446
3320.857,20.898930268559937,-1.217597455412269
3320.908,20.916831810153585,-1.2169525640920118
3320.959,20.934678993273014,-1.2163639757074067
3321.01,20.952520959337825,-1.2157782220568227
3321.061,20.970330487496543,-1.2152195115449889
3321.116,20.988155819405623,-1.2146353739357394
3321.165,21.005963845901636,-1.2140531754122783
3321.214,21.02379690688146,-1.2134332695745835
3321.265,21.04161915412183,-1.2128112827034687
3321.316,21.059471450418332,-1.2121501640632752
3321.368,21.0775537296033,-1.2114220746167572
3321.416,21.095729273069534,-1.2106558169796295
3321.468,21.113765199065423,-1.2099670741869764
3321.519,21.13172573208113,-1.2093163525676043
3321.57,21.149600452482296,-1.208728504604017
3321.621,21.167446216306242,-1.2081514829982565
3321.673,21.18524593694035,-1.2076076435699472
3321.728,21.20305263123448,-1.2070470406258205
3321.774,21.220827710528127,-1.2065075255259756
3321.825,21.23861286140635,-1.2059487437669356
3321.875,21.256375100462005,-1.2054089748396615
3321.928,21.27416064571716,-1.2048453434508937
3321.979,21.29193518750852,-1.2042919591348742
3322.03,21.309743329920096,-1.2037034527035133
3322.081,21.32755114197395,-1.2031129388966606
3322.131,21.34562757444017,-1.2024111851476995
3322.183,21.36379293335732,-1.2015194306730952
3322.234,21.381879892473876,-1.2004999391193867
3322.284,21.39986276264238,-1.1996203721914758
3322.336,21.41779180699801,-1.1988886535872416
3322.387,21.43565524012838,-1.198293550014443
3322.438,21.453508831484125,-1.1977544763111159
3322.489,21.47132731484093,-1.1972743756936954
3322.538,21.489162125168924,-1.196785185404467
3322.591,21.50698350065559,-1.1963171566266066
3322.647,21.524834141184236,-1.1958267465053654
3322.693,21.542677713453006,-1.1953482462998972
3322.745,21.560554612659438,-1.19483813753414
3322.795,21.578662128037504,-1.1942511430524687
3322.846,21.59684257413102,-1.1936052172915057
