time,vel_x,vel_y
3224.396,9.477596744183109e-08,-5.846519345821391e-08
3224.492,0.0002518142375426346,-0.00015197933523039816
3224.595,0.0015278977411449016,-0.0009457114686656327
3224.694,0.005001053329248327,-0.0030442295248000097
3224.799,0.012064072744837756,-0.007382353617116715
3224.896,0.02451148904254076,-0.014918252622313898
3225.014,0.0451940435670877,-0.027622223783490926
3225.15,0.08160415264126963,-0.04973285420289458
3225.251,0.1323603200504463,-0.08057914803489358
3225.365,0.19603874215647424,-0.11957318776256134
3225.463,0.27322908980012367,-0.167006852638308
3225.558,0.3589636109117099,-0.21916067961722663
3225.665,0.4650142100462974,-0.28344110164902914
3225.765,0.5882121250601181,-0.3587548143311059
3225.868,0.7160166339653404,-0.44263135019450534
3225.966,0.8835860189066578,-0.5342169307922319
3226.066,1.0,-0.6257551504971927
3226.171,1.0,-0.7341151152230727
3226.273,1.0,-0.8340718549441521
3226.381,1.0,-0.9348130830308108
3226.482,1.0,-1.0
3226.634,1.0,-1.0
3226.734,1.0,-1.0
3226.83,1.0,-1.0
3226.937,1.0,-1.0
3227.044,1.0,-1.0
3227.142,1.0,-1.0
3227.245,1.0,-1.0
3227.353,1.0,-1.0
3227.45,1.0,-1.0
3227.555,1.0,-1.0
3227.649,1.0,-1.0
3227.759,1.0,-1.0
3227.861,1.0,-1.0
3227.956,1.0,-1.0
3228.066,1.0,-1.0
3228.169,1.0,-1.0
3228.258,1.0,-1.0
3228.373,1.0,-1.0
3228.47,1.0,-1.0
3228.57,1.0,-1.0
3228.667,1.0,-1.0
3228.778,1.0,-1.0
3228.876,1.0,-1.0
3228.977,1.0,-1.0
3229.08,1.0,-1.0
3229.192,1.0,-1.0
3229.288,1.0,-1.0
3229.391,1.0,-1.0
3229.481,1.0,-1.0
3229.585,1.0,-1.0
3229.699,1.0,-1.0
3229.789,1.0,-1.0
3229.936,1.0,-1.0
3230.045,1.0,-1.0
3230.15,1.0,-1.0
3230.259,1.0,-1.0
3230.357,1.0,-1.0
3230.458,1.0,-1.0
3230.561,1.0,-1.0
3230.667,1.0,-1.0
3230.762,1.0,-0.7755587081583737
3230.87,1.0,-0.5234709735793364
3230.967,1.0,-0.30342635383278305
3231.064,1.0,0.11240314903531072
3231.164,1.0,0.2764046291820901
3231.264,1.0,0.2690256664014931
3231.378,1.0,0.18730533577766914
3231.479,1.0,0.11363182627151767
3231.579,1.0,0.05133869667891464
3231.685,1.0,0.015596722116762883
3231.775,1.0,-0.22166639815466005
3231.886,1.0,-0.27897556562446235
3231.989,1.0,-0.19570161631829114
3232.101,1.0,-0.0342428721679708
3232.192,1.0,0.14574087957672635
3232.301,1.0,0.19107105069616506
3232.388,1.0,0.32900871365750706
3232.499,1.0,0.5271469771255259
3232.601,0.8558328686769501,0.7378555606961122
3232.711,0.5648477811690158,0.9366307761481739
3232.799,0.31106167783861693,1.0
3232.898,0.16981107510609256,1.0
3233.011,0.08680048911723759,1.0
3233.107,0.03337229360038013,1.0
3233.209,0.004304480303371926,1.0
3233.318,-0.04157223572872993,1.0
3233.402,-0.09813563629770264,0.9320627710237557
3233.517,-0.16706006998542897,0.7878557409629403
3233.628,-0.298576250832008,0.7480667870258423
3233.719,-0.3676376635430316,0.6091970622098721
3233.819,-0.3709032665430673,0.46729193523169077
3233.927,-0.32755671745477444,0.20740174489973479
3234.033,-0.33728261444435925,0.019196948061055482
3234.131,-0.18471217053213257,0.02315386540259448
3234.241,0.15752357941249778,0.13195655336662898
3234.328,0.375478489645099,0.28757021903718116
3234.437,0.5040947278969035,0.5309426379047533
3234.538,0.4875188695657422,0.5232703955387361
3234.636,0.35810165534743577,0.4677702083439865
3234.739,0.17173891088540516,0.38234559478556257
3234.842,0.05884086260391633,0.2834757766128964
3234.947,-0.03543634486751052,0.22437368147080028
3235.048,-0.08969253374291683,0.20467817392165757
3235.138,-0.08940876748252119,0.2171346528287666
3235.25,-0.1243645679973317,0.2441796730345686
3235.34,-0.1037192534471969,0.25844414257065595
3235.452,-0.08308140584021367,0.25835632777330386
3235.554,-0.03353341852511731,0.2392370707988608
3235.665,-0.00014143358980494192,0.2152306839663906
3235.76,0.01723077868119849,0.19728885672918292
3235.865,0.03088505723093115,0.1896801117969488
3235.965,0.039848924848955865,0.1901058429246548
3236.064,0.04174345839408171,0.19022737753796162
3236.154,0.03658957065703843,0.1869529941855909
3236.266,0.0255669713966198,0.17867306176466652
3236.375,0.012750957016507533,0.16720828147959188
3236.475,0.0036803110328467513,0.15740203684287815
3236.574,-0.0012960515961047382,0.15081108298993096
3236.677,-0.0030230554674329467,0.14681355458061657
3236.778,-0.0029292783376314896,0.14457282172045796
3236.886,-0.0020678015931265346,0.14293293930115966
3236.988,-0.0017727252839818655,0.14067423815091715
3237.087,-0.001965651608225004,0.13813598901568613
3237.186,-0.0014819602801338315,0.13754481690806847
3237.299,-0.0017568983319299959,0.13621191285103423
3237.392,-0.003376488026487363,0.13299204742384907
3237.487,-0.005510255461525994,0.12910410987230728
3237.599,-0.00799904787699524,0.12452576510927565
3237.703,-0.010394926346323123,0.12029826178112908
3237.802,-0.01199624488447587,0.11704986934122232
3237.904,-0.0119986380217813,0.11660803522212652
3238.012,-0.011961948280989024,0.11597914536603152
3238.096,-0.012627802185749522,0.11408203664755434
3238.213,-0.013021931808521264,0.11272159246091887
3238.306,-0.014183595180549782,0.110318179063014
3238.418,-0.015799612797240493,0.10668545197358664
3238.516,-0.017396456121469683,0.10298216916327242
3238.616,-0.018551255198976477,0.09978857270254342
3238.712,-0.019212328174697344,0.09735483384277578
3238.829,-0.019322999511786648,0.09541467116772569
3238.929,-0.01952080128018858,0.09370456869693818
3239.031,-0.019232551753266075,0.09219573270514134
3239.132,-0.019088258730155964,0.09048610863616845
3239.227,-0.019119332812148303,0.08859806354291859
3239.332,-0.019220279155519413,0.08656620751522966
3239.432,-0.019397060607088675,0.08447005824058923
3239.541,-0.019487123585125797,0.08253251164661793
3239.64,-0.01958651370077088,0.08059543452326269
3239.739,-0.019579620611139076,0.07877076162276767
3239.845,-0.01950403018791074,0.07705107855829195
3239.945,-0.019023571650670847,0.07644306435860306
3240.044,-0.01857775665938616,0.0758171267439742
3240.146,-0.018217561029088843,0.07518762288175826
3240.247,-0.01830163181899501,0.07361790210777817
3240.356,-0.018861635395164285,0.07099003737203846
3240.449,-0.019456583517945214,0.06829337497217909
3240.555,-0.019796790597298098,0.06586181170437864
3240.655,-0.019728895619410186,0.06414992063488281
3240.761,-0.019264036570560673,0.06296951590982099
3240.858,-0.01867915496262096,0.06205461067036673
3240.959,-0.018080837282026446,0.061106835986289125
3241.061,-0.017682017640465127,0.05992280995603515
3241.166,-0.017404020819851682,0.05837923742670928
3241.281,-0.01717068812833206,0.0568741872191922
3241.369,-0.016977155509118238,0.05544060080525284
3241.482,-0.016694911624776255,0.05412217807766191
3241.581,-0.016381657815199374,0.05288319666084138
3241.679,-0.01604368975281135,0.051772021599870675
3241.78,-0.01568101501413189,0.05070239409501316
3241.88,-0.015351644341094609,0.04964026838116007
3241.988,-0.01502220389635402,0.048530518949835115
3242.08,-0.01475027799502936,0.04742194858566171
3242.188,-0.014456693622330177,0.04630028559639978
3242.29,-0.014184787451262726,0.04517016020292235
3242.394,-0.013888138992297983,0.04409813087738915
3242.488,-0.013591653773079028,0.043099175163928166
3242.597,-0.01325413403359489,0.042102940725191315
3242.686,-0.012938503466179078,0.04117795138700249
3242.805,-0.012593099064401134,0.04030301937622466
3242.904,-0.01227656813557924,0.0393412640859956
3243.004,-0.011972130410621305,0.03848077642747527
3243.106,-0.01165967382032846,0.03757373451953393
3243.2,-0.011360606093969279,0.03672607614980634
3243.311,-0.010925023055922717,0.036424322114949156
3243.412,-0.010523785983636682,0.03589688085002586
3243.498,-0.010308803202657755,0.03517447988944552
3243.616,-0.01020081373283901,0.033908966331906154
3243.714,-0.01013280316948731,0.03280583177180174
3243.823,-0.00996338349356143,0.031847157248289695
3243.92,-0.009691757713226473,0.031058986870566956
3244.031,-0.00933323721152414,0.030434381309095017
3244.122,-0.00895333434648868,0.029867085831704963
3244.22,-0.008615916514589022,0.029325660072106928
3244.33,-0.008272581663447496,0.028701029758506594
3244.432,-0.008001018594843095,0.028014588308702088
3244.535,-0.007735508580854088,0.027281902915712627
3244.638,-0.007484943877420307,0.02659731664997318
3244.739,-0.007230241591708769,0.02595836774552586
3244.835,-0.006966005137119091,0.02538694694630738
3244.941,-0.006705131487681969,0.02483221108348919
3245.044,-0.006427102283628896,0.024258222879350134
3245.147,-0.00616737910160091,0.023678184552013037
3245.233,-0.005941063479626545,0.023153959470480608
3245.347,-0.005675111356933045,0.02265637327325456
3245.449,-0.005411141500071721,0.02211106371713741
3245.556,-0.005165677802057343,0.02168350845070227
3245.656,-0.0049142106298276185,0.021311917065754783
3245.744,-0.004692001823548064,0.02103542689539399
3245.861,-0.0044535519650697125,0.020745461485760144
3245.966,-0.004245971962450116,0.02041025445756558
3246.068,-0.0040751807813869025,0.02010932236747394
3246.164,-0.00391419543431251,0.019821842018414644
3246.269,-0.003792518704811344,0.019537912952666756
3246.367,-0.0036873918530429778,0.019260572326230133
3246.477,-0.0036027555060483382,0.018963742208702256
3246.576,-0.003541111324890228,0.018627929984794848
3246.671,-0.0035058007092577683,0.01831139123746437
3246.773,-0.0034222578939932247,0.017989998680874413
3246.885,-0.003467947818071559,0.017594475008142246
3246.978,-0.0034835519625054517,0.017233297293026743
3247.087,-0.0034888250229472228,0.016871005461401613
3247.186,-0.003480879012097682,0.0165232666413126
3247.286,-0.003461220042603715,0.01619386619035626
3247.389,-0.0034378482810282036,0.01586887910363438
3247.491,-0.003366395254081875,0.0155592221295134
3247.595,-0.0033555413112681502,0.015221089707238511
3247.699,-0.0033285868944264657,0.014896597866112339
3247.78,-0.0032931090009931732,0.014617389768997771
3247.893,-0.003254097691316929,0.01432250406556689
3247.999,-0.0032112070935251024,0.013977931235610024
3248.105,-0.0031565061970076076,0.013666649198714617
3248.204,-0.0030962887970822535,0.013369947043885756
3248.312,-0.00303376465253997,0.013082750997581712
3248.418,-0.002970989978704053,0.012765047191320494
3248.511,-0.0029100859745445976,0.012492847649596184
3248.611,-0.002848485703493432,0.0122253018925076
3248.725,-0.0027854858573120207,0.011937608683149305
3248.826,-0.0027227253327575065,0.011647604309580364
3248.92,-0.0026646503651235626,0.011398468602552333
3249.028,-0.0025965752445687887,0.011130338004495957
3249.129,-0.0025342400157993897,0.01087023401304392
3249.223,-0.0024742992893511976,0.010628116445605722
3249.325,-0.0024160952989881524,0.010395203496397259
3249.436,-0.002353323434849863,0.010131412114454336
3249.532,-0.0022988216867298877,0.009903593650284984
3249.635,-0.002237924847347437,0.0096782476545349
3249.732,-0.0021824707151557312,0.00945592590724782
3249.841,-0.0021286065693929585,0.009239156310131964
3249.945,-0.002068900119847512,0.009008028134588779
3250.045,-0.0020144056125226276,0.008807664449541001
3250.144,-0.0019627379692722844,0.008605953920356797
3250.232,-0.0019099644491251363,0.008457583758396742
3250.357,-0.0018513578924372522,0.008303193110690223
3250.432,-0.0018122294783501553,0.008136548250085635
3250.555,-0.0017668738502686866,0.00792907168846756
3250.655,-0.0017377493682158853,0.007728310271753944
3250.762,-0.0017024418094594971,0.00752359753467929
3250.857,-0.0016706618499833918,0.007343062655480932
3250.97,-0.001632224568766424,0.007160186409362735
3251.07,-0.0015876053271895118,0.007022412184928525
3251.161,-0.0015239026152662253,0.006913409656817363
3251.262,-0.001492127558606925,0.006769202565370118
3251.368,-0.0014476829029561621,0.006619792371467396
3251.467,-0.0014372668176090794,0.006453989359152128
3251.577,-0.0014190842901494164,0.0062886074404367885
3251.673,-0.0013959269863765957,0.006131757684901875
3251.779,-0.0013671010001948037,0.005992227342526579
3251.883,-0.0013351676059974993,0.005841005985710245
3251.995,-0.0013001924721355285,0.005710599039946587
3252.144,-0.0012721375571039264,0.005548306993049477
3252.241,-0.0012356552082461506,0.005397506086649691
3252.336,-0.001178963091149275,0.005282360357140165
3252.436,-0.0011508831662229552,0.00517122684990576
3252.53,-0.001124168577386033,0.005068009374961692
3252.65,-0.0010967486399822727,0.0049456766532526165
3252.736,-0.0010601822198238828,0.004846854493975359
3252.848,-0.001041930760718776,0.004737989693608519
3252.943,-0.0010245122560306288,0.004631378789405309
3253.054,-0.0010038013985380887,0.004530014408951805
3253.149,-0.0009811608760428782,0.004420527955694985
3253.255,-0.0009473888674628396,0.004328423113351778
3253.36,-0.0009334334984329165,0.004228864904919518
3253.462,-0.02011301492662842,0.00014785565453379854
3253.569,-0.06721570147556055,-0.005123477566481724
3253.659,-0.12030818329771123,0.007186570945054515
3253.763,-0.15963385269274255,0.051365491327264645
3253.866,-0.18176688071190072,0.12102403620622801
3253.969,-0.19214938657659594,0.20753446385557534
3254.064,-0.19942991704891067,0.2697959536010339
3254.174,-0.21785191252995906,0.29784987151156894
3254.279,-0.24598774359423542,0.27135551925587476
3254.373,-0.2716498734827264,0.2357127452406293
3254.475,-0.2839202198511364,0.21013825552167018
3254.582,-0.2750164148506188,0.2163729905760585
3254.682,-0.25599270874523355,0.2316026595167215
3254.785,-0.2354527097273973,0.2458997800009905
3254.893,-0.22198051373895128,0.2475102537213988
3254.992,-0.22265724863718828,0.2286091088809572
3255.088,-0.2294701135672284,0.2043290938267449
3255.185,-0.2368992326015953,0.1797642437648706
3255.292,-0.23862223840003974,0.1640100927450649
3255.399,-0.23136288210315303,0.16434513597607914
3255.498,-0.2174865881445867,0.18152970127109339
3255.598,-0.20320298134231846,0.20241800757912654
3255.702,-0.1993447007985716,0.20474112769112746
3255.807,-0.20709155717076388,0.18991692860921422
3255.907,-0.21860382013508192,0.17209324116164582
3256.009,-0.22423465951969557,0.16829296203096417
3256.106,-0.2228987229146913,0.17374884226893111
3256.21,-0.21672951722724315,0.18566822786301984
3256.312,-0.2135567756213844,0.18908902291855434
3256.424,-0.21439703288470913,0.18577519717988195
3256.519,-0.216368899623432,0.1836449560670951
3256.623,-0.21916666324850745,0.18044456748043977
3256.721,-0.2202412395206797,0.1808659064009653
3256.821,-0.22215829335726966,0.17732927489592196
3256.931,-0.22474453765754554,0.17096438713968232
3257.029,-0.22527078126933686,0.16839882961985572
3257.127,-0.2210954058839199,0.17573978940812673
3257.234,-0.21663538627211865,0.18213048181450184
3257.326,-0.21664954068227155,0.18184951384494857
3257.436,-0.2194242791098162,0.17938729144021764
3257.541,-0.22408491327714067,0.18278551000848156
3257.642,-0.2343449350272504,0.18705388740719256
3257.747,-0.24969935854802977,0.19309189636301158
3257.842,-0.271132952938844,0.19124646120879915
3257.952,-0.2991209269987405,0.1830074242495036
3258.041,-0.3211060607951776,0.17856411143013534
3258.157,-0.3351055273812347,0.18537966189384636
3258.259,-0.341271221785998,0.1925126869489296
3258.346,-0.34257523056640393,0.19524541688825478
3258.454,-0.34008284508497216,0.19589327116914712
3258.549,-0.38321690442497947,0.1992291681479738
3258.665,-0.34169756608630175,0.20631956966360088
3258.759,-0.3138734727045522,0.21418777504909464
3258.867,-0.2990370902197758,0.21560760566396603
3258.949,-0.3021497731116647,0.20528342127875912
3259.071,-0.36385498129943294,0.1842856951253691
3259.173,-0.34591958807435125,0.17546590848607502
3259.267,-0.3254116016784439,0.17853853505547423
3259.379,-0.3064319745540992,0.1909274832380149
3259.471,-0.2975555089255778,0.19922978707129835
3259.586,-0.2973860799561169,0.2043772454075677
3259.677,-0.3464936995612821,0.19979548694874955
3259.769,-0.3333572139723145,0.19412540637667436
3259.876,-0.3212447250854251,0.19306401064167703
3259.991,-0.3139438509516399,0.1922073071788373
3260.083,-0.3107817322941014,0.19379091618030142
3260.184,-0.3559722304836711,0.1929524966806107
3260.298,-0.3276495186937309,0.1978491828836112
3260.392,-0.3570419502383294,0.19905300347152555
3260.497,-0.3172556422716043,0.20456635993126818
3260.609,-0.2909683700217623,0.20716227843630086
3260.705,-0.2868031648694803,0.19965966290652687
3260.808,-0.2956787252321159,0.1891199230984788
3260.904,-0.3101184072851753,0.17728970283189735
3261.004,-0.32246390550926274,0.17095028164648485
3261.108,-0.32435807907625036,0.17969132860985582
3261.213,-0.3191146569800707,0.19516948325648575
3261.305,-0.31601499678142964,0.2017269991214219
3261.418,-0.3153530852856323,0.20445290676372602
3261.524,-0.31807298400926565,0.20206990322180718
3261.621,-0.32371307459027726,0.19355339317460252
3261.723,-0.3278237762234776,0.18709997585168117
3261.827,-0.3300235484221884,0.18068803213858664
3261.924,-0.3294498260513174,0.17651959076453075
3262.02,-0.3259134982192312,0.17643792296035532
3262.13,-0.31982619422485564,0.18052634355639238
3262.228,-0.3143936246978282,0.18609660244495813
3262.335,-0.31008248635204305,0.19328927104512428
3262.435,-0.30712036320497593,0.20233725380809156
3262.537,-0.30924480502931495,0.20493441842080407
3262.645,-0.31656975148637456,0.1985661209277093
3262.739,-0.36821882832664576,0.18848160138833128
3262.85,-0.34472991635064165,0.18563334284404598
3262.946,-0.3217452982893493,0.1904674443905907
3263.055,-0.302362674404576,0.20123913776126448
3263.149,-0.2958297159151646,0.20334954204867411
3263.247,-0.30070861487350675,0.19679693361060738
3263.341,-0.3110715383826452,0.18708712148236406
3263.453,-0.3213117874976217,0.17970916677351417
3263.564,-0.32621208594325796,0.17907610292280385
3263.657,-0.36609859589068344,0.18215723158982014
3263.761,-0.334121424341534,0.19257338832357396
3263.865,-0.31076505235463914,0.1999068640911727
3263.962,-0.29994569610071625,0.19993352275860754
3264.063,-0.30017957679203633,0.19479513008771449
3264.167,-0.34841119102635876,0.1877232554039292
3264.272,-0.3273707336272829,0.18910143605849764
3264.376,-0.3111988775340229,0.1930607404545468
3264.477,-0.30321660929019034,0.19480520353030795
3264.575,-0.30310049183588494,0.19356787026297897
3264.679,-0.3083029606398941,0.19050414246908232
3264.786,-0.31572016020939,0.18706127377724632
3264.875,-0.32052053463845326,0.18614461488267414
3264.984,-0.32221002431950585,0.1892246576818582
3265.078,-0.31874412875275104,0.20011611571118282
3265.193,-0.31454312332793555,0.21140962897312557
3265.288,-0.3163862341841222,0.20909750733890098
3265.397,-0.32180585931174166,0.20081384587325085
3265.501,-0.32981265658584885,0.18683245695650824
3265.599,-0.38086254326646185,0.17198830061038634
3265.696,-0.351446531575714,0.1727838863441093
3265.807,-0.31610140213634996,0.18627922232511585
3265.902,-0.2966166596712341,0.1937285959845342
3266.007,-0.2896913744737864,0.1936367918347245
3266.111,-0.29478644993279834,0.1889183692878218
3266.214,-0.34341136319634513,0.188906675325957
3266.305,-0.3667065442890066,0.19697799859085996
3266.405,-0.32660320953355415,0.20578099397843472
3266.506,-0.34758571172896074,0.20794349690334557
3266.615,-0.30790820202735997,0.20814523675241453
3266.72,-0.29017844841310914,0.1939184163371233
3266.824,-0.2935041153160968,0.1738193323209987
3266.918,-0.3037010665113423,0.16088323890477385
3267.025,-0.30891351263407757,0.16645188351498413
3267.132,-0.3084698794545471,0.18356217065236236
3267.234,-0.30969098833596403,0.19204816323876303
3267.324,-0.3561665306883499,0.19008166993937153
3267.429,-0.33507467157760884,0.19202055642026433
3267.532,-0.31847799002911625,0.18988709387132824
3267.631,-0.3119860064444155,0.18342048029495417
3267.728,-0.3551835003542885,0.17456228384609693
3267.836,-0.32527180037008385,0.17765164167442238
3267.951,-0.30214886423308557,0.1846324377164888
3268.049,-0.29171932142479085,0.19119659621034213
3268.149,-0.2889094904052893,0.2010107530038427
3268.247,-0.2926955673391708,0.2101056616421122
3268.352,-0.3037517183153613,0.21112113768106094
3268.457,-0.32125280360629316,0.1979781888883373
3268.558,-0.3354597452927409,0.18371243886740224
3268.654,-0.34414154790002827,0.1699130340992585
3268.766,-0.34364486201757916,0.16326658074425787
3268.86,-0.33406130069791273,0.16885731321984515
3268.958,-0.32189201696728537,0.1771003971827738
3269.065,-0.3122546478371323,0.18248516788672087
3269.159,-0.30771373905151567,0.18543895135186267
3269.276,-0.30618134017231724,0.19103477529839147
3269.366,-0.34940187403947787,0.19185012439447677
3269.472,-0.3258092348726589,0.20136817222633843
3269.562,-0.30915885198378695,0.20762217149359982
3269.674,-0.30603956278342753,0.1987258295966291
3269.775,-0.3130041584686577,0.1824787851638092
3269.868,-0.32018960890578696,0.17258382722163063
3269.979,-0.3241553885925028,0.16828306549182798
3270.086,-0.32397083393519993,0.16913722939090145
3270.184,-0.3210223206845191,0.17276159274931535
3270.29,-0.3634930449509479,0.1755929519214865
3270.396,-0.3290093172499857,0.18486622104615874
3270.483,-0.3059870281630392,0.19154234819328475
3270.597,-0.2947612760975562,0.19223158946669588
3270.693,-0.2958848600340115,0.18846251579777845
3270.789,-0.30330205173812097,0.18344652046533066
3270.892,-0.31485851936254033,0.1801757502282028
3270.997,-0.3264521619606184,0.17972149442683677
3271.106,-0.3382376039742108,0.1834298618239369
3271.212,-0.3472317306858774,0.19382400416267842
3271.307,-0.3555737084544174,0.20078111114919978
3271.411,-0.3709887136898305,0.19539629057257896
3271.512,-0.3871098917660664,0.18250793898368176
3271.621,-0.4019108725374884,0.1637409029907385
3271.715,-0.4647711786472025,0.1432425977765158
3271.827,-0.48697926660395285,0.14130899256183568
3271.915,-0.41120809408888487,0.16108307604474453
3272.018,-0.3519426752518927,0.17857739486897795
3272.121,-0.326116418006993,0.17818990550856587
3272.227,-0.3291354577392133,0.15853680067773154
3272.329,-0.3472483002028804,0.13970541011207394
3272.435,-0.3693781468814855,0.126895651404485
3272.531,-0.3813478604498624,0.12829807658788506
3272.625,-0.38656927662259005,0.1374948995742361
3272.734,-0.38482996008260995,0.15150134206050592
3272.839,-0.3817792707768857,0.16121769881015247
3272.936,-0.3825572655129164,0.15943308659289168
3273.04,-0.38615474969876634,0.151988506283244
3273.137,-0.39013639002160794,0.1424976832952874
3273.246,-0.3925036823970025,0.13496312444156888
3273.353,-0.39139616787578946,0.13334036970646768
3273.456,-0.3869605326703471,0.13903953978111816
3273.558,-0.3807249328582746,0.15135129802006544
3273.66,-0.37762391531066725,0.15785764637353764
3273.752,-0.3790510350712474,0.1571445034590066
3273.851,-0.4315825778414781,0.14648598329816434
3273.961,-0.4053274712968897,0.14845087156395825
3274.069,-0.3857339887914985,0.1495936223534337
3274.162,-0.3755346813276208,0.1530075061069382
3274.265,-0.4213527143057167,0.14558330051473514
3274.372,-0.39335621271296084,0.14877204029065713
3274.475,-0.3744763428391104,0.1463887990672497
3274.562,-0.3687577126304225,0.14345333078658848
3274.673,-0.41762315902482416,0.12644753253970373
3274.78,-0.39363060076671563,0.12855122519152273
3274.881,-0.3776311920242928,0.13177711161121988
3274.981,-0.36986712088866536,0.13315736481269397
3275.081,-0.3697274316245447,0.1324820304346979
3275.192,-0.3744374284482084,0.13110565088335865
3275.283,-0.38011064537152406,0.1320674115797628
3275.384,-0.3848074877677564,0.1384840498615995
3275.491,-0.38914420324391713,0.14280783662575933
3275.595,-0.43928918965928354,0.1355006395989542
3275.69,-0.41388910150185154,0.14524546540916394
3275.791,-0.39563937944935074,0.14282490541769124
3275.894,-0.43228272007096125,0.11849438899867654
3276.005,-0.3973023984819969,0.12047884163605331
3276.11,-0.3764885940536372,0.12456598293924308
3276.202,-0.41031051266606056,0.11718807709644768
3276.296,-0.3827359347765275,0.12526480315050545
3276.409,-0.3670804174038886,0.1277487070933201
3276.509,-0.36364337494127974,0.12817158002597218
3276.61,-0.3686821925891082,0.12232956918497451
3276.723,-0.37788283001038264,0.1128449970628149
3276.819,-0.3865167059716091,0.10681203834487235
3276.924,-0.3913003411383269,0.11099974558334763
3277.021,-0.39279152867140166,0.11486270686531021
3277.125,-0.393271870994219,0.11443501339783078
3277.228,-0.393272205780381,0.11260994178372001
3277.33,-0.39247783102141287,0.11456180779152617
3277.423,-0.39184663629365374,0.11395968921938836
3277.523,-0.391630063299542,0.11136160891240479
3277.635,-0.3908758743491119,0.11558176814290931
3277.741,-0.38988520942607396,0.1231779938417715
3277.825,-0.3901085198200916,0.12595621153033223
3277.942,-0.437897991139797,0.10098090816356747
3278.034,-0.4136566168644249,0.09577227107478636
3278.145,-0.39342284205782907,0.09098478417415778
3278.241,-0.37988289876923453,0.09173596066271958
3278.348,-0.3712572742822433,0.10257795679288914
3278.439,-0.3679082881691484,0.1140502799361081
3278.546,-0.3725163590587444,0.11341239206515041
3278.655,-0.38422879981112024,0.1016592144404824
3278.751,-0.3975521693515976,0.09312985884701236
3278.855,-0.4130779463012014,0.08785126235907713
3278.963,-0.4262072311458541,0.07772527148224598
3279.061,-0.43557823449485666,0.06582556374241477
3279.153,-0.4415471284215299,0.05744066691430843
3279.266,-0.49570218869256155,0.029071185425382923
3279.371,-0.45969404891131244,0.042864445268286165
3279.467,-0.43312362246557545,0.05155706448802823
3279.573,-0.4133548409717368,0.05277991477839951
3279.67,-0.4065349494556611,0.04383521492950902
3279.771,-0.4064892848278955,0.03126780027609219
3279.876,-0.4098510216465484,0.02531479235612286
3279.985,-0.4135913053181499,0.02320695370740122
3280.077,-0.4160890129476719,0.022892534469846692
3280.185,-0.4178616689638094,0.02494920887151486
3280.292,-0.4191158037570637,0.03143480645048144
3280.382,-0.4203633639474,0.038564110415519215
3280.494,-0.42277618069593875,0.04310843724472835
3280.592,-0.42602516741795815,0.03993853137318955
3280.699,-0.4297921427736156,0.028079778474129354
3280.794,-0.47359793580993403,-0.004388220092100482
3280.898,-0.44864778299303804,0.00016902980720151257
3281.002,-0.4294678483066011,0.004178797962522259
3281.091,-0.417476309127328,0.007365101305689254
3281.185,-0.41134219339853145,0.013380493544365211
3281.298,-0.409654817563454,0.01811378596812885
3281.394,-0.41185924029171483,0.022960376275014953
3281.51,-0.4162937190937609,0.02462763707275721
3281.612,-0.42088602374060924,0.016895060766054334
3281.704,-0.4246685911518469,0.005521139640738978
3281.811,-0.4279079255788144,-0.006668333669624651
3281.915,-0.4292448786148448,-0.014379295408469045
3282.005,-0.46839127871931485,-0.03574690540638149
3282.116,-0.4440185931252339,-0.011679145009735915
3282.217,-0.4259982885186231,0.0007200703801132427
3282.312,-0.416523561168446,0.0026460224714479077
3282.429,-0.4130350996915604,-0.001155651177892075
3282.532,-0.4136927798299316,-0.00941017717752676
3282.631,-0.4173176023319735,-0.020092840288877714
3282.735,-0.4232623625270459,-0.031999450569029496
3282.822,-0.4300974726148135,-0.04148952896977129
3282.924,-0.43688125533848443,-0.04876696146644094
3283.083,-0.4445893604407733,-0.05321150637075592
3283.19,-0.4500222190701633,-0.05740461863581816
3283.3,-0.453079801662834,-0.06398060375359367
3283.394,-0.4545074402626343,-0.07233524116961194
3283.478,-0.453669923408032,-0.08339727867674665
3283.594,-0.4499509984807218,-0.10104673583072596
3283.699,-0.445180073624427,-0.1158965116951881
3283.8,-0.4393019793079031,-0.12602800294216737
3283.911,-0.4323106314609102,-0.13131711227396814
3284.003,-0.425368184324513,-0.13545088161128563
3284.109,-0.41871586916616216,-0.13854163322107976
3284.204,-0.4132175958984331,-0.1404747965767513
3284.309,-0.4437113416023132,-0.17376745823005502
3284.396,-0.45625132341828534,-0.18287188680580818
3284.513,-0.42040110838326233,-0.13629429288899075
3284.614,-0.40008649634533444,-0.11503501067778005
3284.718,-0.3921214610560459,-0.11304440400813735
3284.82,-0.3935781762516972,-0.12217033760073323
3284.92,-0.39976762675282085,-0.13690001493288456
3285.03,-0.4072047383773067,-0.15209499936724624
3285.129,-0.414124762508683,-0.1618670251773719
3285.23,-0.42041966702572653,-0.16446840438320276
3285.342,-0.42554406506347187,-0.16256080489646668
3285.435,-0.42668456703562174,-0.1656115434617396
3285.542,-0.4250565562644204,-0.1742967711207072
3285.636,-0.4222291285981238,-0.18445454226015673
3285.738,-0.4193578776677799,-0.191379781289709
3285.839,-0.4174649686048029,-0.19261354265754746
3285.947,-0.4431434290060604,-0.23071820600770182
3286.048,-0.42530082797149926,-0.20411557514327702
3286.146,-0.4114281764572431,-0.1866770270552522
3286.26,-0.4288465728699928,-0.2188311218801165
3286.358,-0.409771258698985,-0.19574589539049092
3286.455,-0.3991198148602392,-0.18268556984192177
3286.56,-0.3931552817327517,-0.18071207210836193
3286.662,-0.38906544022165346,-0.19039047688604632
3286.763,-0.3861319176985934,-0.20511470101851176
3286.865,-0.38479882352318706,-0.21815758717214367
3286.966,-0.384370225647552,-0.22576684480509018
3287.07,-0.38419976983161674,-0.22783921578974078
3287.173,-0.38379109901476,-0.2267845899616378
3287.273,-0.38271589977063303,-0.2253685247322596
3287.382,-0.3810117169008588,-0.22525773416550382
3287.478,-0.3792600824881637,-0.22645770849657237
3287.584,-0.37838668036889034,-0.22715845960507672
3287.683,-0.37667141910153934,-0.22977963200773613
3287.769,-0.37418809196012237,-0.23455846610410924
3287.89,-0.37172358729160937,-0.24205315825149987
3288.03,-0.39172816946671296,-0.29564186417678434
3288.138,-0.37965270644815835,-0.27529248018421704
3288.236,-0.37096498550702595,-0.26528031855226747
3288.34,-0.3627423439273437,-0.26616125933678764
3288.435,-0.3699620154123451,-0.3137838319684067
3288.539,-0.35753987276444343,-0.2967763136539229
3288.651,-0.34760508233517284,-0.28889184118105893
3288.757,-0.3392660898147064,-0.2910176638905681
3288.848,-0.3316872416008163,-0.2988802406969842
3288.959,-0.3237569828322817,-0.3099083785990081
3289.061,-0.3182157429288739,-0.3191607802249688
3289.163,-0.3136445125716041,-0.325785298270366
3289.261,-0.310341654126698,-0.32983778570462685
3289.364,-0.30769385901683205,-0.3321163626896262
3289.463,-0.305089176272175,-0.3341339470880047
3289.569,-0.30256554985555356,-0.33633994974254744
3289.667,-0.29926704946175947,-0.3397552700510717
3289.768,-0.29556637526311014,-0.3441740756650131
3289.871,-0.2925273071894815,-0.3480216754810188
3289.977,-0.28918109979920403,-0.3520239332287163
3290.086,-0.28574470840344535,-0.35590653758535423
3290.18,-0.2828579557692456,-0.359107937642659
3290.276,-0.279994204187456,-0.3619084201627899
3290.387,-0.27694416309225117,-0.36468829945003167
3290.484,-0.27250920456348443,-0.36816148965887463
3290.589,-0.2680711758635882,-0.3717785043296015
3290.677,-0.26443011616647305,-0.3742935719583367
3290.794,-0.2620940022503906,-0.3756916358446957
3290.894,-0.26013569697155814,-0.37743301580739086
3290.985,-0.255375029385379,-0.3816440395071182
3291.1,-0.24762054873418005,-0.38840952395520156
3291.191,-0.24073533700312968,-0.3939160747728635
3291.295,-0.23335599137960794,-0.3989361262211913
3291.399,-0.22617235289265822,-0.4021997016029785
3291.497,-0.21881870297982825,-0.40451347201172494
3291.609,-0.2105842072060593,-0.40688451994080665
3291.71,-0.19333570231104175,-0.4545467918035261
3291.811,-0.19347254362418903,-0.4278301223062609
3291.911,-0.1944816742289786,-0.4081968902126132
3292.021,-0.19229765011640032,-0.39779996760708874
3292.112,-0.17647749337791743,-0.43524687786260996
3292.217,-0.17838524563215852,-0.4143627828376583
3292.325,-0.17830487743135426,-0.4031399528449394
3292.423,-0.1735669880379667,-0.4017142045790503
3292.52,-0.16620879206501377,-0.4060662734563898
3292.621,-0.1573368800604855,-0.41320376698114364
3292.72,-0.15038971877289975,-0.4200295688776291
3292.828,-0.13069195377194287,-0.4656890214278946
3292.979,-0.14322399303958303,-0.43825233088668525
3293.077,-0.12766961572159202,-0.4674872175671191
3293.183,-0.13957558469365336,-0.43391666220616965
3293.293,-0.14357564024678912,-0.41582434486858105
3293.393,-0.13910857542986305,-0.41122061284186406
3293.504,-0.1286306497347714,-0.4148840272315022
3293.591,-0.11821312433898928,-0.42164821862631796
3293.694,-0.09143932340268189,-0.4658946689517425
3293.799,-0.07908432958470424,-0.48856300274423414
3293.899,-0.10260630371093787,-0.45109544865638707
3293.997,-0.09123228703252187,-0.4685052485853247
3294.102,-0.10814140696424807,-0.4301817795012172
3294.209,-0.11065815607193188,-0.4119356673007932
3294.314,-0.10257779735093932,-0.4076550295171606
3294.416,-0.07015574467768716,-0.44536808156716723
3294.51,-0.07560200412785775,-0.4328636289167642
3294.619,-0.0837627127531234,-0.4251390803025776
3294.714,-0.08497246909349511,-0.4229109019296047
3294.813,-0.07872279809685322,-0.42468907304252757
3294.92,-0.04478240554017937,-0.46356914677360683
3295.027,-0.0562480454802842,-0.4450244429279675
3295.121,-0.0647090014994108,-0.4335882583482452
3295.224,-0.06853355704321785,-0.42717362994650854
3295.331,-0.06482924948726625,-0.425126737090159
3295.437,-0.05738334500587332,-0.42654119804481166
3295.53,-0.04895981245819353,-0.4288452617397499
3295.637,-0.03896449310448243,-0.43158915497413486
3295.732,-0.03385717052843427,-0.43295341583336394
3295.844,-0.034110350965586844,-0.43317150779010244
3295.937,-0.03480715488895056,-0.4324261981324429
3296.042,-0.03486309522467663,-0.4313201346604879
3296.153,-0.035052308199090824,-0.43043547791384396
3296.25,-0.032013197197328036,-0.4297437505630491
3296.347,-0.027190757536489255,-0.42922113482637386
3296.458,-0.023461280469324854,-0.4287923382170816
3296.55,-0.019305457411009093,-0.4280705206415182
3296.661,-0.014540648811977686,-0.4267830900008804
3296.761,-0.010365359544606432,-0.42528905390551
3296.859,-0.007635289846591272,-0.4239174887471378
3296.965,-0.006460207809562027,-0.42277561619586357
3297.064,-0.005576407357952792,-0.42196383780983127
3297.168,0.024722684006785046,-0.45356564983625197
3297.262,0.004405497673648875,-0.4355193208046927
3297.366,-0.009598116725522797,-0.42274473563908577
3297.456,-0.01566296638280534,-0.4161480499211461
3297.554,-0.012092200035272607,-0.412631382252608
3297.666,-0.002035631787447969,-0.4113371339310583
3297.773,0.00783540240519685,-0.41164424493766333
3297.871,0.016404589823675646,-0.4125418517265664
3297.977,0.02238050796424755,-0.4137939140653513
3298.083,0.026609697162312405,-0.4146907684570704
3298.189,0.02785299095055491,-0.415445878974062
3298.288,0.029521890948124938,-0.415230646948904
3298.376,0.031371153727921305,-0.4144505388995398
3298.495,0.030934794450877025,-0.41378282857108867
3298.592,0.029744427281800934,-0.41328971386252544
3298.698,0.02991602338452768,-0.4125651667754149
3298.803,0.031221950131398744,-0.4118907544756156
3298.894,0.034979693238303834,-0.4108450532702815
3299.0,0.040554160534058956,-0.40924142771538674
3299.088,0.044827453379957215,-0.4076801507599684
3299.201,0.04650052521309883,-0.4060836541115623
3299.311,0.045076990712910214,-0.40495049111614567
3299.415,0.042154862581981714,-0.4042334554638199
3299.518,0.03926356113126511,-0.40390304701970725
3299.619,0.0699394675622419,-0.43020378171773543
3299.713,0.049120726078844004,-0.4157685079935997
3299.819,0.034231869713379784,-0.4044742808014237
3299.919,0.02889302368877871,-0.397487302965955
3300.016,0.029137312292800623,-0.3952844345913544
3300.129,0.03671724070043555,-0.39487399186553573
3300.231,0.0461148085178291,-0.3954570478050518
3300.331,0.052831044854487925,-0.3969586084596689
3300.431,0.05841305737325084,-0.3974761555716766
3300.527,0.06275728483485837,-0.3965503668362297
3300.636,0.09849926185665499,-0.42151258144901227
3300.738,0.07406440566935964,-0.4038720471257339
3300.838,0.05379972622904533,-0.3916507449948555
3300.936,0.0410349394695165,-0.3841502510926196
3301.046,0.035615296247904035,-0.38171890985382084
3301.148,0.039259749547309805,-0.381968071950195
3301.245,0.04725185162423326,-0.3843239431309206
3301.351,0.057900352068432505,-0.3864364061250457
3301.444,0.06532590916214007,-0.3880626943343918
3301.551,0.07463685460979284,-0.3873963117738456
3301.656,0.08123873166617099,-0.3850771925605262
3301.764,0.08386750612315397,-0.38199659420706716
3301.85,0.08150353773119338,-0.3798368289558165
3301.96,0.07320360354140323,-0.3789111386213596
3302.055,0.06128561876787135,-0.38047236004875096
3302.166,0.04876026022035418,-0.38380661580375725
3302.269,0.045812508607713465,-0.38569791828933947
3302.368,0.0585650861569385,-0.3836584892206613
3302.47,0.0799879362132186,-0.37901898432076336
3302.579,0.10032046919958781,-0.37318966290658034
3302.668,0.10538925986573326,-0.37030469080097117
3302.772,0.09735738201636535,-0.3691060384942382
3302.855,0.08220424967244652,-0.370044976484708
3302.981,0.058553731313147346,-0.37437110365292875
3303.065,0.04804068890917886,-0.37679624134175244
3303.188,0.052649341276656304,-0.37701153291851613
3303.275,0.06552102353336334,-0.37601157643359084
3303.387,0.08469056026564196,-0.37310446043427486
3303.477,0.09587716111035935,-0.3711124080177769
3303.59,0.10191827716986665,-0.36804790782968216
3303.695,0.1000098911282221,-0.3656084140212765
3303.799,0.08959449179860487,-0.3650484294932474
3303.896,0.07998415917270178,-0.3647244512939726
3304.0,0.07214741060234375,-0.36530299246850534
3304.096,0.07165415752774845,-0.3650131209712921
3304.206,0.0755528423484802,-0.3649065077837821
3304.301,0.08471872065706107,-0.3632062071313133
3304.411,0.09432387358242157,-0.36100863957867935
3304.519,0.09537097680263174,-0.3612346892099802
3304.607,0.09003102315200864,-0.3625846364164893
3304.711,0.08568352440505315,-0.36268428491269034
3304.822,0.08328727306577029,-0.3621789237403127
3304.917,0.08548760420393582,-0.36060229860863907
3305.023,0.08824798656959826,-0.359469702997113
3305.125,0.09356191792146767,-0.3573194593828369
3305.225,0.09927577167203427,-0.3546757017733346
3305.331,0.10133313189257857,-0.3528623837192177
3305.422,0.09681855263684958,-0.35336026933267767
3305.529,0.09124262240854539,-0.35391350963759904
3305.632,0.08904278856045497,-0.35352714143878605
3305.736,0.08891036582074575,-0.35324545052899275
3305.838,0.08789255802257061,-0.35418683273128165
3305.945,0.08859492773876203,-0.35481023612908025
3306.03,0.08930626977588774,-0.35549140217803243
3306.145,0.09432134076845461,-0.35430590301210807
3306.238,0.10187497176936669,-0.3518091377489935
3306.328,0.10599987337764227,-0.3496944044041523
3306.448,0.10287324190055917,-0.34955126916149803
3306.556,0.09710962248024561,-0.3499458232347178
3306.647,0.08903694407939969,-0.3517897595305517
3306.765,0.08136087557265388,-0.3543320117386886
3306.859,0.0813047763262037,-0.3549725758040774
3306.96,0.09374619640127249,-0.35183057597548
3307.05,0.1104153358484475,-0.34675594122940795
3307.155,0.1226966961774606,-0.34194236004863315
3307.267,0.12405004475192533,-0.339213058099772
3307.358,0.11550953194170702,-0.3392977463288888
3307.467,0.10015342140121035,-0.3410284917857497
3307.565,0.08842735559694302,-0.3430512344395439
3307.666,0.07938594667781025,-0.34651359117336855
3307.783,0.08046688125979855,-0.348300197752868
3307.879,0.08735173644786173,-0.34948882225536854
3307.971,0.09828247626383993,-0.3490324537557204
3308.073,0.10614181697937618,-0.3487879205422595
3308.18,0.10934821984225414,-0.34845611710463764
3308.283,0.11126094177552992,-0.34656114054711856
3308.386,0.11018522572220163,-0.34469516787027743
3308.487,0.1103773536520613,-0.3418338600062612
3308.588,0.11153558389180143,-0.3384542158346616
3308.683,0.11167858164125076,-0.3361219584695449
3308.797,0.11019682532535027,-0.33609395938203146
3308.882,0.10970357024515365,-0.3390283203980354
3309.001,0.11207561129144347,-0.34570828184073654
3309.083,0.1184338777592174,-0.35239267920861134
3309.209,0.13038791487373055,-0.36182645413432274
3309.291,0.14122244558257097,-0.36909366449160896
3309.414,0.1499867672312172,-0.37737086847069307
3309.508,0.16137630282266513,-0.38304017763269915
3309.618,0.17405153489206152,-0.3847836182163971
3309.711,0.18490002565959354,-0.3841360918527651
3309.818,0.1929726303489103,-0.381624102988076
3309.918,0.19567210539574742,-0.37900002113063247
3310.019,0.1919921128611231,-0.3773968426579012
3310.121,0.1866217015692675,-0.37589891232883765
3310.23,0.18600387547915306,-0.3721630834906723
3310.33,0.19440479700919827,-0.3649478139084116
3310.416,0.20847999401607942,-0.35423420369984204
3310.534,0.2231500036416157,-0.3412261531125942
3310.629,0.2297999738116404,-0.33207495988524377
3310.734,0.2281406486391764,-0.32434988969768846
3310.838,0.22194710454320976,-0.31717929621707003
3310.928,0.2608720401228821,-0.3290609261352224
3311.034,0.23001909752497693,-0.3087041159542481
3311.146,0.20502774226333087,-0.29026486305829513
3311.24,0.19835030003945792,-0.2745770588734251
3311.335,0.20288806591693007,-0.25912196217527
3311.449,0.21612226300911314,-0.24542010960047622
3311.552,0.23150553539942686,-0.23590708124524268
3311.657,0.24411532487787768,-0.2310067905035758
3311.756,0.2515622108768987,-0.22994452472695331
3311.858,0.25478778731940377,-0.23199502737305214
3311.948,0.25551128045421706,-0.23559230912128754
3312.04,0.25619000786779533,-0.2399472134011299
3312.16,0.25946269753175755,-0.2437401435551511
3312.261,0.2655815534058937,-0.24539971262282065
3312.363,0.2728562742807158,-0.24669664376353018
3312.449,0.27926412201302003,-0.24828074514766513
3312.568,0.2848395346488847,-0.25141801752109294
3312.661,0.288991859821654,-0.25456831565823673
3312.767,0.2922650007480657,-0.2579662110559467
3312.869,0.29571936744283056,-0.2617606649557211
3312.966,0.3498147612681989,-0.27332643324405737
3313.082,0.32045432987128986,-0.27078734542042343
3313.183,0.303273660870775,-0.2674521539202608
3313.282,0.2986575814672826,-0.26162579641545314
3313.383,0.3039201590094008,-0.25649870706439204
3313.479,0.3147532336558302,-0.2528652423711755
3313.588,0.32667354151909034,-0.2513202501184592
3313.687,0.3366597775779434,-0.251652807826912
3313.797,0.3436816108735691,-0.25374664496729143
3313.897,0.3474247964662519,-0.2569611892843555
3313.983,0.3511362702987653,-0.25729911986108034
3314.096,0.3561014940344477,-0.25432339073308996
3314.201,0.3610361117779125,-0.25078616938915355
3314.301,0.3638189607479696,-0.2505852636752926
3314.406,0.36496879864240167,-0.2536453735196799
3314.52,0.3671323212015488,-0.2552550939739904
3314.656,0.37646756137733856,-0.24510393033758013
3314.761,0.38455564715345825,-0.2382640463457273
3314.861,0.3896356392830925,-0.23348455554856234
3314.968,0.3910707540539907,-0.23389813643479673
3315.066,0.44338198025860504,-0.23519232397485962
3315.168,0.4084614848605255,-0.24235868698677512
3315.276,0.3853266975205754,-0.24187781926195812
3315.37,0.378445418584033,-0.2327910792044554
3315.478,0.38307412898294285,-0.21948247071150234
3315.581,0.3916637195615026,-0.2134784871088597
3315.686,0.3993028742962135,-0.2171539321852252
3315.781,0.4550999891819717,-0.21427213401319312
3315.881,0.430275193028783,-0.2197550749690709
3315.984,0.41297167402767077,-0.21822224743437724
3316.084,0.40651696035892115,-0.21015990566925663
3316.188,0.4068818203333829,-0.20420251161286454
3316.279,0.41026643815152003,-0.20533819064325753
3316.387,0.4151965254728658,-0.21064441643193538
3316.49,0.42235960471466283,-0.20892924490343387
3316.597,0.43195865099092207,-0.19682379841074488
3316.695,0.44047303035314983,-0.18268215661335874
3316.793,0.444180762942747,-0.17714417471590227
3316.909,0.44382794861162145,-0.17659363439804868
3317.005,0.4416358630965103,-0.17670005090636282
3317.11,0.4393412684428537,-0.17540642842524728
3317.199,0.4377755448985305,-0.1772733714249479
3317.308,0.43692130877626606,-0.1832156949770692
3317.415,0.4390291898000457,-0.18155327309025276
3317.509,0.4432102212273513,-0.17606621067977463
3317.615,0.49646346834387145,-0.15098661554632503
3317.72,0.46906983324761964,-0.15121405985976377
3317.823,0.44882594377526147,-0.15056701390551067
3317.926,0.4359990306373321,-0.14768576088155325
3318.021,0.4307745843901392,-0.14900541984842505
3318.133,0.4305656589609161,-0.1558109059408634
3318.224,0.43461690419345145,-0.15481728946656725
3318.327,0.44186956173147607,-0.14991674854592832
3318.437,0.4499638780417091,-0.1393837041370119
3318.53,0.45606414533100187,-0.12834124126117955
3318.638,0.5058507761710739,-0.10483126986907462
3318.734,0.4785240006969831,-0.11647383072641175
3318.842,0.5029756718228952,-0.10380177909894728
3318.946,0.4529219326099884,-0.1213160638879873
3319.051,0.42534207053218354,-0.12692637011388647
3319.149,0.41532068247480924,-0.1232690068216413
3319.246,0.4163824778946389,-0.1196750844794535
3319.355,0.42473739301291513,-0.11571727609916069
3319.448,0.4340313354202496,-0.11400740428444875
3319.56,0.48610994003242247,-0.08749629751735732
3319.666,0.46763858478767734,-0.09186326700622875
3319.762,0.45344189410574587,-0.09674244005182706
3319.853,0.4438162208482408,-0.09694677835198574
3319.951,0.4388479930989219,-0.09006166605330293
3320.056,0.43743781134972654,-0.08024242900050788
3320.169,0.4377616896943075,-0.0722954577968886
3320.264,0.43824890672809214,-0.06970504988846885
3320.373,0.43818513440980444,-0.07065132825020384
3320.471,0.4376747165061813,-0.07209128834285167
3320.57,0.43729693114350404,-0.0722814496333592
3320.677,0.43775956554675033,-0.0755281588813008
3320.772,0.4390638001630499,-0.08096803016437654
3320.883,0.44117663356517556,-0.08475176027250333
3320.969,0.4432018430353873,-0.07996984152122993
3321.1,0.4448880131276495,-0.06130760739904681
3321.228,0.44749925633069676,-0.03085183527074567
3321.342,0.45083967129289426,-0.016490912686835786
3321.441,0.4531996946648391,-0.013303440064863264
3321.544,0.45496387322657084,-0.01683236487034874
3321.645,0.4578070094073497,-0.021995112446511807
3321.752,0.4615962093015696,-0.018045288001277082
3321.856,0.46636533812976233,-0.0042091439770834205
3321.951,0.47186626804463216,0.011244340681425196
3322.054,0.47726882055526726,0.028325586053857016
3322.161,0.48115903509082114,0.05179881258237359
3322.258,0.4825617447902525,0.07022054401043964
3322.367,0.48132535823421946,0.08396160188528583
3322.464,0.4776578467515935,0.09039503130458099
3322.566,0.47145913771807546,0.09409103278835898
3322.664,0.4644242292092189,0.09896213213609686
3322.769,0.4569772497658049,0.10685012576924804
3322.872,0.4500112462512318,0.1191033707005768
3322.975,0.4435402046658548,0.13325551836618788
3323.075,0.4377002105631353,0.14529541559015965
3323.167,0.4322772953194979,0.1528550071527755
3323.286,0.42723134624412973,0.15598642753883163
3323.382,0.4238886300636209,0.15606104270400456
3323.479,0.42272472528944716,0.1534175499705242
3323.567,0.4224657506502716,0.15192689107891844
3323.692,0.4545119988303943,0.19178018129052432
3323.787,0.4382646841676002,0.17121658529522016
3323.876,0.4293950676090011,0.15618071231949462
3323.989,0.42545600920530224,0.14933116385572798
3324.098,0.42503080860215947,0.15452458448729367
3324.188,0.4252693595140952,0.16817350315317242
3324.285,0.42415578580928875,0.1876410056257485
3324.404,0.4209826564020337,0.20862394242579735
3324.497,0.41545644398328097,0.22504218540783794
3324.605,0.4065720581788845,0.2365368986055766
3324.71,0.3956698608417287,0.24390575493993705
3324.817,0.3839917126653836,0.24794317892720436
3324.901,0.372719042745594,0.2513131863944768
3325.017,0.36111295261056675,0.25528737511006755
3325.112,0.3517332808641367,0.2610040961546955
3325.216,0.34381630945454367,0.26699208669411006
3325.312,0.33823022315316503,0.27232720494367374
3325.421,0.34773477093323263,0.3209586761010291
3325.523,0.33705670707643665,0.2989745190034357
3325.632,0.32984211391152884,0.28322684867688247
3325.727,0.3248698068676117,0.2800597483127212
3325.826,0.32139786326206793,0.2848113759811607
3325.933,0.3187172414803051,0.29546857082729794
3326.031,0.3247989960181722,0.3456809191315036
3326.136,0.32063642768754996,0.33176670866430547
3326.231,0.3190441655602837,0.3234272999988993
3326.335,0.3165748107856989,0.32225152865708884
3326.444,0.31201117067859,0.32917205941691907
3326.538,0.30682468393485796,0.3396261074559688
3326.65,0.3052623055099045,0.39608355282092633
3326.748,0.30002089847197577,0.3781844907851799
3326.837,0.29721207572621083,0.3656254484083927
3326.944,0.2931488284207596,0.3585441493839248
3327.053,0.2861725793318018,0.36073013539399484
3327.154,0.2799897648129351,0.409557642848412
3327.247,0.27536627907789113,0.39209026132121305
3327.363,0.2713685242674188,0.37969295994996777
3327.459,0.2633003534337847,0.41975465070100937
3327.568,0.2595592532692038,0.39490665707820305
3327.666,0.2568728515823973,0.38099018969107745
3327.766,0.25344689714754826,0.3764648218572474
3327.868,0.24643112581094606,0.380123156103642
3327.967,0.2388405861383997,0.38784440841869783
3328.082,0.23211921796159724,0.3964935342897518
3328.18,0.2270157180558741,0.40311237683377465
3328.278,0.22272339975386046,0.4079295564696699
3328.373,0.21766513484656236,0.41157428323747747
3328.479,0.21312372086222364,0.41392310661468035
3328.588,0.2080655688586861,0.4154940571333673
3328.684,0.20257109889704136,0.41690214213062726
3328.79,0.19701479702613067,0.41778557119499066
3328.884,0.19371215038314707,0.4175792501473148
3328.998,0.19268988573898557,0.4161205959451334
3329.093,0.1910302935194984,0.41520239716007684
3329.199,0.18692368164946513,0.415834495119772
3329.292,0.18073035015895134,0.4176817390427451
3329.395,0.17532125123634468,0.4194360313807911
3329.506,0.1712968635610721,0.42034298008714194
3329.601,0.16665264245193512,0.4211518856429326
3329.699,0.16123471711274454,0.4218311883305708
3329.806,0.15643796563309761,0.42193580412530207
3329.911,0.15406983422952647,0.42107873094233944
3330.011,0.151738867172642,0.4200925147116249
3330.106,0.14935319294999494,0.4192835367584572
3330.215,0.14770306355057655,0.4184579462565844
3330.318,0.14570070893063553,0.41812741886670585
3330.421,0.14430921182888715,0.4179652051512962
3330.517,0.14023872066432932,0.4187267053284377
3330.62,0.13508020988233557,0.4198549485390965
3330.723,0.12834907331175374,0.4211148180186125
3330.832,0.12170703660585105,0.4218282547588331
3330.915,0.11847653236630235,0.42128647304855993
3331.034,0.11746157490051957,0.41938105176616824
3331.13,0.11834452665346099,0.4172761327158519
3331.234,0.12019785920391034,0.41503324481110887
3331.332,0.11935061583799783,0.4140914772789167
3331.437,0.11334302441768421,0.41473372730861724
3331.532,0.1059050695599687,0.41594081920889203
3331.645,0.09799102048145195,0.4168652633218177
3331.742,0.09430562683181351,0.4164550518252561
3331.846,0.09413286331350142,0.4147474948835147
3331.937,0.09309024497412417,0.4127911909077443
3332.056,0.09086601725996728,0.4108608415797068
3332.155,0.08957179640253848,0.4093503655231679
3332.255,0.0882511748184512,0.4081996041406333
3332.352,0.08757937377910306,0.40732848085521123
3332.459,0.08576954585806551,0.40682923403497984
3332.559,0.08459414005711205,0.40651998856396526
3332.662,0.08409212339661568,0.4063156138945768
3332.763,0.0828316697138819,0.40623513888529533
3332.865,0.07901000433799119,0.40642175693296895
3332.973,0.07111916674639591,0.40682625200023514
3333.064,0.0643257035328616,0.4067868478228723
3333.174,0.058067165258455844,0.405730788023101
3333.274,0.05525821488314479,0.403691915371976
3333.381,0.057667563606722226,0.4008225538693988
3333.479,0.06072531048027216,0.3978405644110191
3333.58,0.06210104731569958,0.3955821575192
3333.671,0.061027190080829685,0.39443319792287485
3333.783,0.05913052433151823,0.3940812355153079
3333.876,0.05903564601976545,0.39411832645801864
3333.985,0.05849352408037214,0.3943682446197255
3334.091,0.058925834616903,0.3946864680222264
3334.194,0.057846993347180714,0.39499627830382583
3334.288,0.052689770424513546,0.3954022629254564
3334.397,0.022738540172353997,0.42812915215081404
3334.501,0.034300704485259875,0.407131053366008
3334.596,0.045017614652400235,0.3929602717008765
3334.7,0.0517132208736568,0.38247826033973775
3334.804,0.04968839560952608,0.3783238754340926
3334.91,0.04211727004737643,0.3774138443172971
3335.007,0.03741738867824022,0.37870097030782784
3335.108,0.03385112394302645,0.38037584734667895
3335.21,0.032071566023307886,0.38171122221119075
3335.312,0.03495105893045868,0.3824624101807011
3335.426,0.039460515408852787,0.3828443963243906
3335.519,0.038799830933816205,0.38299597199463636
3335.617,0.035269649488036306,0.38350670434374284
3335.722,0.02815967322563619,0.3839373627076379
3335.83,0.02118706448415162,0.3838880015344793
3335.933,0.01901001375372626,0.3831003500623253
3336.032,0.020091061923659028,0.3815641850688067
3336.131,0.025347982944898245,0.3797047161480441
3336.228,0.0300879153137403,0.3780309380275984
3336.341,0.029704522946677227,0.37696839758876133
3336.435,0.027039196844515535,0.376801640747242
3336.534,0.02414968475244309,0.3771089790814683
3336.639,0.021155237527800342,0.37745491932584485
3336.746,0.01830210574046857,0.37741143353861467
3336.841,0.013935642755913432,0.37689685050490385
3336.947,0.008403591562889034,0.37590618230533623
3337.047,0.0043609929711970015,0.37467919730415844
3337.147,0.0036791137403004723,0.37346622710708843
3337.262,-0.021869104205839467,0.404927150900026
3337.355,-0.0033676800258926123,0.38578059810002363
3337.453,0.013862430145741218,0.371380413233999
3337.564,0.023902754079489892,0.36278879227449157
3337.658,0.026710263038349905,0.3597354656825029
3337.755,0.02319336580470285,0.3600940992729271
3337.863,0.016556811144124103,0.362744771908063
3337.964,0.009481350064051043,0.3655564067114718
3338.072,0.0038280040457259073,0.3680592908154557
3338.177,-0.0012651999035994332,0.3696531558122191
3338.277,-0.029856135376077567,0.3999881459477854
3338.375,-0.015898902190579968,0.3827298385317273
3338.481,-0.003011948937684137,0.36967679757521643
3338.572,0.00620140302234194,0.36284265978611907
3338.681,0.013512611143433818,0.3592702724893172
3338.782,0.013543431987970252,0.3587555362708127
3338.886,0.008353765067377322,0.3600972694576984
3338.988,0.0012475167476290062,0.3622403525577256
3339.083,-0.0031724703519732207,0.36436677208986834
3339.19,-0.005237447619148747,0.36618467844698327
3339.291,-0.007535272082331135,0.3674484502833614
3339.392,-0.010120345629796145,0.3679078643031692
3339.505,-0.012245257860864438,0.3679115820779139
3339.587,-0.0121870272291558,0.3676793568152571
3339.688,-0.01129861232934109,0.367224035852988
3339.799,-0.03490828344660636,0.3984101881141827
3339.912,-0.014533678935808548,0.377500816528921
3340.008,-0.0019182428456291155,0.3642525849282791
3340.108,0.004019686610102055,0.3570025982094993
3340.21,0.0034598058042240734,0.35426156717827106
3340.307,-0.0009712179511476463,0.3545615970597922
3340.416,-0.005875966994446671,0.3566937223758547
3340.507,-0.010296827916103021,0.35888281958777163
3340.62,-0.03949655044681086,0.39196848344447466
3340.714,-0.024975133567420715,0.37512870134614285
3340.826,-0.013188176375368746,0.36236909570758047
3340.921,-0.007104052877549696,0.35587990208520315
3341.022,-0.0037351515193835274,0.3534570545680992
3341.127,-0.0044014442914108425,0.35378995486229775
3341.235,-0.0077523301681637095,0.35570160726208455
3341.332,-0.009963032394784434,0.3581538871360178
3341.439,-0.011956710940334474,0.36073024708104817
3341.533,-0.015791568386934376,0.36251196144172776
3341.641,-0.022879350907035113,0.36373081227756576
3341.745,-0.029317810317363822,0.3641286308176075
3341.836,-0.031961600037726565,0.36379526233719844
3341.949,-0.030331606966843214,0.36255628032836273
3342.045,-0.02602676172658796,0.3610069290767309
3342.136,-0.021710581032204926,0.35970378989761953
3342.253,-0.018236589468002454,0.35886924671513387
3342.345,-0.016940548845062225,0.35881656814835416
3342.456,-0.01746068765111769,0.3594024404794812
3342.557,-0.01932302876505676,0.3601879780267742
3342.66,-0.021774664226669183,0.3610195107253973
3342.752,-0.023045737645293184,0.361677581714076
3342.861,-0.020938064333776873,0.36215516420877925
3342.97,-0.01809198854516771,0.3623008908121688
3343.069,-0.018961766966195004,0.36227221890394123
3343.164,-0.024632894034850798,0.36215557322940894
3343.274,-0.031545918209193155,0.36187149152102555
3343.372,-0.03536466694765767,0.3612108092575257
3343.473,-0.03428030605380521,0.35995782589868064
3343.578,-0.02822340425987536,0.35839805071440267
3343.674,-0.02281849132798508,0.35713193304651675
3343.781,-0.019829999636044055,0.3562720640282625
3343.884,-0.0203095762824939,0.35642967209486087
3343.984,-0.020978048648576324,0.3573578230191681
3344.083,-0.02394425819918517,0.35843148875878983
3344.184,-0.027907874194113277,0.3593281589874073
3344.274,-0.05500697906037112,0.38928577132800296
3344.381,-0.03467210755460912,0.37096017002972703
3344.488,-0.01771013594218946,0.3571890397444716
3344.595,-0.008342600789101207,0.3501277898266658
3344.698,-0.0064206046410184795,0.34813024936967785
